,0
0,동네에서 가까운곳에있는분이랑 거래할수있어서 좋습니다 지역설정 거래카테고리   후기기능 채팅창이용 뱃지기능까지 다양한 기능들에서 만족감이 상당히 괜찮네요 개인적으로 중고나라보다 이용하기가 편해서 저는 당근을 요즘 더 선호합니다 오늘 친절하고 성격좋으신분과 가까운동네에서 거래를 잘하게되서 행복하네요  좋은어플 만들어주셔서 감사합니다 
1,평소 당근마켓을 애용하고있는 애용자 입니다  얼마전에는 채팅과 키워드 알림음 설정을 다르게 할수있게 해 주어서 더 편리하게 사용하고 있어요  그런데 가끔씩 알림음이 먹통일 때가 있어요 알림설정이 다 정상적으로 되어 있는데도 말이죠 로그아웃을 하고 다시 로그인을 하라고해서 로그아웃을 했는데 이번엔 로그인이 안되네요  로그인 인증번호를 확인해서 입력하려고 당근을 열면 인증창이 나타나질 않고 로그인상태로 열리고 알림음은 여전히 먹통 입니다  알림이 먹통이니 너무 답답합니다  해결책좀 주세요 
2,아직도 프로그램 수정이 안되었나요  개발자님  아직도  왜 버그가 났는지 모르시는지요  최신 버젼이 에러가 많이 납니다  원래 채팅방에서 자주 쓰는 문구 사용이 안되나요  전에 등록해 놓은게 모두 사라지고  다시 등록이 안됩니다  확인 부탁드립니다 
3,나눔 해주시는 분도 있고 대부분 친절하셔서 좋아요  가끔 채팅을 안 보시는 분도 있고 답장이 많이 느리신 분도 있지만 그래도 물건을 더 저렴하게 살수 있고 동네 사람들과 친해질 수도 있어서 정말 괜찮은 앱이에요  저도 물건을 팔면서 유용하게 사용하고 있습니다  아직 하나도 못 팔았지만 ㅋㅎ
4,당근마켓 잘사용하고있어요  근데 이번에 업뎃으로 최근 검색어가  개밖에 노출이 안되더군요  예전엔 이전 기록들 모두 알수있어서 참 좋았는데  불편함이 느껴지네요 다시 최근 검색어 히스토리 돌리실 계획은 없으신지 
5,당근마켓 너무 좋습니다   필요 없는 물건들이 집에서 자리를 너무 많이 차지할 때가 많습니다   그 물건이 누군가에게 필요한 물건일 수도 있으니 그냥 버리지 말고 당근 올리면   용돈이 됩니다   그리고 멀리 가야 살 수 있는 물건을 가까운 곳에서 또 저렴하게 구할 수 있어서 너무 좋습니다  
6, 년  월  일까지 이용이 제한되었다고하면서 로그인 진행이안되는데 고객센터 문의해도 풀어주지도 않고 정말별로입니다  예전에 쓰고 다시 로그인하는 과정에서 뭔가 문제가생긴것 같은데  어플관리를 어떻게하시는건지요 
7,최근 검색어 문제로 오늘 문의를 드렸고  안내를 해주셔서 말씀해주신 대로 앱을 삭제하고 다시 깔았고  로그인을 했습니다  헌데 제 아이디나 어떤 다른 방법으로 로그인을 할 수가 없네요  일단 전화번호로 로그인을 했는데 로그아웃 버튼을 눌러도 로그아웃은 되지 않고 계속 대기상태가 됩니다  문제가 뭐죠  지금 계속 시도를 해보느라 설치 삭제를 반복하다보니 로그인을 몇번 했는데 다시 해보니  번 이상은 불가라고 뜨네요  아  오늘 거래 약속이 있었는데 어떻게 하죠  답변 부탁드리겠습니다 
8,상대방 상태표시가 활성화되어있음 좋겠습니다  상대가 일부러 대화를 무시하는건지 진짜 접속안하는건지 판별이 안가네요  찔러보기 남용하시는 분들에게 해당되어야 한다고 생각합니다 
9,별 다섯개 줘도 아깝진 않지만  한번씩 멈춘다고 해야할까 보고자하는 물품을 검색하면 목록이 뜨는데 목록을 내리면서 자주 멈췄다가 다시 내려지고  반복되네요  이것빼곤 다 좋아요 
10,아  그리고 동네별로 검색할 수 있는 기능도 만들어주시면 안될까요  현재 도서티켓음반 여성잡화 남성잡화  이런식으로 물품의 카테고리별로 모아볼수있는 기능은 있던데  예를들면 서초동 논현동 압구정동 이런식으로 동네별로 모아볼수있는 기능도 있었으면 좋겠어요 
11,앱 시스템 자체가 효율적이고 편리해서 좋아요  좋은 기능도 최근에 추가됐고  뱃지주는것도 보람있고 재밌어요  필요한거 중고로 싸게살때  아이쇼핑  짐정리할때 잘 쓰는것 같아요
12,잘 쓰고 있습니다만 왜 회사의 성장을 동네로 한정하시나요  타 지역 물건도 살 수 있게 하고  주로 대형상품  연계해서 배송업체도 연동하시고 당근페이도 만드시고 자꾸 새롭게 변화되게 만드셨으면 합니다 개인적으로는 네이버 중고나라에서 불편한게 느껴지는거 다 수정해서 당근마겟이 중고상품 판매 최대 플랫폼이 되셨으면 합니다 아참 일본도 진출하시고요
13,저는 당근을 잘 사용하고 있던 유저입니다  그러나 이번 일을 계기로 조언을 드리고자 글 남깁니다  직거래시 꼭 물건 확인하시고 돈을 드리시는게 좋습니다  저같은 경우에는 돈을 드리고 물건을 받았었는데 판매자분들이 돈을 받으시면 바로 가버리시드라구요  대부분 물건에 하자가 없어서 괜찮았어서 이번에도 돈을 드리고 물건을 받고 헤어진후 나중에 확인하니 하자가 있었습니다  절대 물건 확인하신 후 돈을 드리세요  다 그런건 아니지만 비양심적인 판매자가 있네요  저는 앞으로는 그 분 때문에 꼼꼼히 확인하기로 결심했습니다  사람 함부로 믿지마세 전체 리뷰
14,정말 잘 쓰고 있는 일인입니다  그런데 몇 달 전부터 알림음이 안울려서 너무 불편해요  검색을 해봐도 폰 좀 만진다는 사람한테 부탁을 해도 원인을 알 수가 없네요  조금만 검색하면 나오는 해결책은 다 써봤습니다  며칠전 이틀은 오전에 갑자기 또 울리다가 오후에는 갑자기 안 울려서 거래가 중단된 적도 있어요  물론 지금은 또 항상 음이 안울리구요 
15,굉장히 잘 사용하고 있습니다 추가로 건의드리고 싶은 것은 제가 예전에 대화를 나눈 상대가 다른 물건으로 다시 채팅을 시작하면 이전 채팅창과 별개의 채팅창이 새로 생기더라구요 그 전에 상대방과 어떻게 대화하고 거래했었는지가 궁금한데 조금 불편하다고 느꼈어요 물론 이전 대화가 따로 존재한다는 메세지는 뜨지만요  저만 불편하게 느끼는 것일수도 있지만 호옥시나해서 글 남겨봅니다 
16,와이파이가 문제였어요  고객센터 에서 답변주신거로 추측해본 결과 인터넷 속도가 느리면 이미지가 뜨지않는다   와이파이 속도가   바께 나지않아 확인해보니 랜선 문제였어요 랜선 새것으로 바꾸고 정상속도 회복  당근마켓으로 빠른 인터넷 서핑 중입니다  전 타사어플도 왤케 느리냐고 그러고있었어요 감사합니다 
17,기기 자체 설정을 진동으로 해놨는데 당근마켓 전화는 벨소리라 조용한 사무실에서 쩌렁쩌렁한 벨소리가 울려 두번이나 당황했네요 기기설정을 먼저 참조해서 처리해야 하는게 옳지않아 싶습니다  개발부서에서 빠르게 처리해주셨으면 좋겠어요  그래야 안심하고 당근마켓을 이용할거 아닙니까   
18,이웃들이 전문판매업자로 등록되어 당근 떠나가는 바람에 원하는 물건도 제대로 구매하기가 어려워 졌습니다  저 역시 개인간의 거래 제약을 두는 곳을 떠나려 합니다   말로만 개선 의견 검토중 
19,당근마켓의 디테일 넘치는 운영시스템에 찬사를 보내고 싶네요  파는 사람이나 사는 사람 모두 신뢰를 바탕으로 거래를 하지 않으면 당근마켓에서 활동 자체가 어렵겠구나 하는 느낌을 스스로 받게 하는 혁신적인 시스템입니다  오늘 첫거래 마쳤는데  모든 것에 다 대만족입니다 
20,당근마켓 채팅이 알림에는 뜨는데 알림 클릭 후 대화방 들어가면 해당 대화글이 보이지 않아요  안드로이드 갤럭시 노트      안드로이드  버전입니다  백그라운드 데이터허용  데이터절약시 데이터 허용 되어있습니다  조치부탁드립니다 
21,당근마켓의 가장 큰 문제점에 대해서 말씀드리려고 합니다  네이버에 당근의 문제점으로 검색해보아도 많은 이용자들이 불편함을 겪고  심지어 이용을 안하게 되는 경우가 늘어나고 있음에도 개선사항이 없기에 후기에 작성하겠습니다  본인은 의류를 좋아하는 사람으로써 타어플에서도 사고팔고 수천건도 넘게했던 사람입니다  당근을 초창기 이용할때 게시하면 조회수가 많아서 금방 판매가 되고  다시 당근을 이용해서 중고의류를 구매하곤 하였습니다  허나  기간이 지날수록 조회수가 아예 나오질 않자  확인해본 결과  로 전문판매업자라는 판단이 되어서 점점 전체 리뷰
22,이런저런점 다좋은거같습니다 근데 한가지원하는게 있습니다 키워드알림해서 자기가 원하는 키워드로 물건이올라오면 알람을뜰수잇어좋은데 반대로 자기갸 원치않거나 싫어하는 이름이 키워드랑합쳐져서 오르는게싫습니다 고로 알람이안오거나 글자체를 볼수없게 키워드를 만들어주시며누더욱 편리할거같습니다 예를 들어 나는 포켓몬피규어 디즈니피규어를 사고싶어 피규어도 키워드알림을 해놧는데 디지몬피규어가 올라오면 피규어 때문에 알람이울립니다 이런문제를 해결하기위해 피규어 란 단어를 키워드등록할수잇지만 디지몬 방해설정을통해 디지몬이들어간 게시물이 올라오면 알람이  전체 리뷰
23,안녕하세요  당근마켓을 열열히 사용하고있는 유저입니다  많은 물건들을 살수도 있고  팔수도 있는  당근마켓 정말 좋습니다  설명도 잘 나와있고  사람들과도 만나서 직거래를 할수있으니 재미있요  그리고 직거래가 싫으신 분들은 택배 배송을 부탁하시면 됩니다  당근마켓 꼭 설치해서 이용해보세요 
24,당근마켓의 성장을 바랍니다  한가지 건의사항있습니다  채팅창에서  기존대로  시에 뵙겠습니다 라고 전송하니 갑자기 주소를 공유했다고 앱알림이 뜨네요   기존대로 를 주소로 인식한거 같네요  수정하면 더 좋을것 같습니다 
25,구매 이 외에도 기능이 있어 편리해요  아쉬운 점은 동네 주변 정보만 나온다는 것이예요  내가 찾는 정보가 다른 멀리있는 동네에 있다면 살 수도 그 정보를 볼 수도 없다는 게 아쉬위요  고쳐주었으면 함  더 넓게 시를 넘어서도 볼수있으면 좋겠어요      동 구 시 이런 정도로 아니면  나 지도로 자기가 보고싶은 곳을 설정할 수 있게 하면 좋겠습니다 
26,멀쩡한 상품이였는데 직거래후 상품확인까지 다확인시켜드렸는데 집가자마자 하자있다고 전액환불해달라해서 못해준다했더니 당근에 신고하셔서 저만 당근에서 거래못하게 막고   판매전 사진에도 멀쩡했었고 그렇게 눈에 띄는 하자를 직거래까지했는데 못발견하고 갑자기 집가니 하자발견 ㅋㅋ 그사람이 더 의심스러운데 그사람은 당근거래할수있도록하고 무슨기준인건가요 
27,이건 중고로 거래하라고 만든 게 아니고 물건 올리면 서로 사겠다고 난리치는 거 구경하는 앱이네요  게다가 홈 화면에서는 거래완료된 물건도 노출되고  숨겨진 게시글  심지어 삭제된 게시글까지 싹 다 노출되는 최대의 결함이 있는데 고치지도 않고  서비스 때문에 접어야겠습니다  게다가 거래완료 안보기를 눌러도 거래완료는 왜 보이는 거죠  발로 개발하시는 건가요  그리고 서버 관리 좀 하세요  느려 터져서 못 쓰겠음  에니악으로 돌린다면 이해는 하겠지만 
28,근처에 있는 사람들과 거래하기 좋긴 한데 위치가 애매한 곳에서 동네 인증하면 동네 분류가 지금 사는 곳과 먼곳으로 될 경우가 있어서 일부러 근처동네까지 나가서 인증하기도 하는데 어느정도 주변 위치도 설정할수 있으면 좋겠습니다  근처 동네 말고도 내가 접근가능한 위치도 검색이 가능했으면 좋겠습니다 
29,업데이트 이후로 동네생활 글 보는 게 불편해졌어요  키워드 검색하면 뜨는 글들을 최신순으로 보고 싶은데 뒤죽박죽으로 뜨는 게 너무 불편하네요  왜 이렇게 업데이트 한 건가요 
30,너무 잘 만든 어플이라고 생각해요  되게 좋은 것 같아요  안 쓰는 물건들을 마냥 버리기만 했었는데  저한텐 필요 없는 물건이 다른 곳에 가서 유용하게 쓰일 수 있는 부분이 좋아요 ㅎㅎ
31,당근마켓 너무 잘 쓰고있습니다  건의사항이 하나 있는데  동네인증 한군데랑 하나 더 설정할때 먼저 설정해놓고  일이내 인증을 하거나 하나는 그냥 보너스로 설정 할수있게 해주시면 안될까요  이사가는 동네 중고거래를 하려고하는데 인증을 안해서 하나도 못쓰고 있네요  핸드폰번호 미리 인증하고 하는 거래인 만큼 어느정도 신뢰가 있다고 생각됩니다 이부분 꼭 부탁드려요    물건 검색할때 예약중 상품 안보기 기능도 하나 넣어주세요 
32,당근 개발자님들 너무 감사해용 프로당근러로서 참 애용하고 이쏘용  집안정리 및 인테리어에 많은 도우므이 됩니다 근데 요새 버그인지  자주 이용하는 문구가 싹다 지워지고 등록이 안되서 넘무 불편해요     어서 수정부탁드리브니다 
33,당근마켓 애용자인데요  딱한가지 아쉬운점이 있다면 전국에서 다 사고팔고 할수 있음좋겠네요  물건이 저렴하고 마음에 들어서 구매하고 싶은데도 같은지역이 아니면 구매할수조차 없다는점이 젤 아쉽네요 바램이 있다면 지역 검색한이후에 전국에서 다 구매할수 있음 좋겠습니다
34, 년가까이 사용중인 유저입니다  한번도 비매너 평가 받은적이 없는데  갑자기  년이용제한이랍니다 황당해서  이유라도 알고싶네요  해제부탁드립니다
35,그때 그때마다 필요한 제품을 잘 구매하고 다 읽은 책들이나 나이에 안맞는 장난감 같은 애물단지 취급받는 것들을 버리지 않고 필요한 사람에게 저렴히 양도하여 서로가 유익한 아주 쏠쏠하고 요긴한 어플입니다  이를테면 한 때 잘 사용하고 이사하면서 아까워서 버리지도 못하고 짐이 되어 베란다 한켠에서 큰 자리를 차지하던 애물단지가 된 벽걸이 에어컨과 무거운 실외기를 별 기대없이 당근마켓에 올렸는데 불과 반나절만에 무려 스물 두분께서 관심과 구매의사를 보여주셔서 저로서는 생각지도 않았던 용돈을 두둑히 벌고 구매자님은 무더운 여름을 잘 보내 전체 리뷰
36,당근마켓 진짜 최고입니당  다른 중고거래 사이트 보다 훨씬 좋아요  만약 중고거래 사이트를 찾고계시는분 이 있다면 당근마켓을 추천해 드리고 싶네용  그럼 당근마켓 오늘도 화이팅 하세요   
37,지역인증하는건 좋은데 주로 사용하는 곳이 직장이다보니 채팅이나 찜하기가 안되요  퇴근해서 집에 가면 시간도 별로 없어요  인증을 두군데에서 할 수 있도록 하면 좋을텐데 
38,당근마켓 너무잘쓰고있어요  안쓰는물건 필요한사람에게 저렴하게 팔수도 있고 제가살수도 있는 좋은앱이에요  그런데 가격제안이 오면 다시 상대방에게 카운터 제안을 할수있는 기능이 있으면 어떨가싶어요  너무 저렴하게 제안이 오면 적당한가격을 다시 제시하고싶은데 채팅을하거나 제안을할수가 없어서요  아니면 라이크를 누른 사람들에게만 제가 더 저렴하게 가격제안을 할 수도있으면 좋을거같아요 
39,한달기준 전체 작성글 횟수 판매내역 구매내역 끌올횟수 나눔횟수  받은횟수 사용자가 보고 판단할수 있게 해주었슴 좋켔습니다  글을 삭제하고 다시 쓰는 사용자도 있으니  주일 작성글 개 바로바로 확인 할수 있게끔 안내를 해주었슴 해요 나눔횟수  받은 횟수도 사용자들이 보고 서로 판단할수 있게 해줬승 좋켔습니다 수고하셔요
40,안녕하세요  당근을 많이 사용하는 사람입니다 가급적으로 고치고 싶은것이 있습니다 지금 채팅을 하고싶은데 증평읍 동네인증을 해야해서 너무 힘듭니다 학생인데 증평까지는 너무 멀어서 못가겠습니다 그래서 그냥 동네 인증이 아닌 그 지역을 인증으로 해주시면 좋겠습니다 부탁드립니다
41,중고거래 앱중에 제일 사용하기 편한 어플  가장 큰장점은 주변동네로 거래를 안내하니까 내가 구매할수 있는 여력 선에서 중고품목을 보기 쉬움 구매자입장에서 거래수수료를 안떼서 좋음 나눔 기능도 좋음  무료로 나눔해서 받을수 있고 나눔자 입장에선 필요없는 물건을 의미있게 버릴수 있어서 좋은것 같다 단점이 있다면 동네 주변이 아닌 지역에서라도 내가 원하는 중고 품목이 있는지는 알수가 없어서 조금 아쉽다 지금 사용 기능처럼으로 타지역도 구별해서 나눔  구매 서비스를 제공해주면 더 좋을듯하다
42,당근마켓을 사용한지  개월이지났는데요  진짜 이거는 와 진짜 필요하는 앱이다라고 생각이 들도록 정말 좋은 앱입니다  자신이 필요한 물건을 거래를해서 살수도 있고 자신한테는 물건을 사서 좋고 물건을판 상대방은 돈을 얻어서 좋고 완전  강추인 그런 앱이네요  강추드립니다 
43,아이러너 런닝머신  렌탈 양도는 불법이라고 본사에서 고소하라는데 당근마켓에서는 현행되고있고  권고를 하지만  시간이 흘렀는데도 대응조차없네요  그리고  만원가량 주고산 런닝머신 구매했는데 고장난 제품 이었고   를 받는데 최초구매자 명 주소 전번이 없으면  도 안된다네요  사자마자 버리세요라네요  판매자 살아지고  당근에 여러번 의견제출 했지만  대응조차 않네요  쓰레기를  만원가량 주고 구매해서 어렵게 운반하여 집앞에 돈들여 딱지 붙여서 버려야하는실정에 아무도 도움이 안되고  바쁜 와중에 경찰서에 신고하면 도와주겠다는 문 전체 리뷰
44,판매물품에 대한 글을 작성하고 나서 페이지를 보면 임의로 몇 글자에 링크가 생성되는 경우가 있습니다  링크를 누르면    가 열리면서 제 현재 위치를 보여주더군요  이 문제의 원인을 알려주시고 해결방법을 알려주세요
45,작년에 농가주택을 짓고 입주한 초보농부입니다  이사하느라 필요한 물건들도  새로 필요한 물건들도 남편이 당근마켓을 활용해 수십건을 처리해주었습니다  건축업자가 버리고간 헌작업화와 우산까지도 모두 당근마켓을 통해 매매되는것을 보고 당근마켓이 가진 영향력에 놀랐습니다  소농이라 대량납품 위주의 농협에 농작물을 납품하기가 어려워 판매에 어려움을 많이 겪었습니다  그나마 소량납품이 가능했던 양주로컬푸드마저 문을 닫아 지금은 당근마켓만이 유일한 판매처가 되고 있습니다  내 주변의 소비자들을 손쉽게 연결해주는 당근마켓의 운영진께 깊이 감사드립 전체 리뷰
46, 동네인증할 수 없는 환경   어떻게 하죠 잔깐동안 동네화면 보이다가 계속 안됩니다  일일 문자인증도 초과에요  휴대폰은 아니고 태블릿에 까는 거라 안되나요 
47,독보적인  참신한 판매 플랫폼  여유를 가지고 기다리면 확실히 돌아오는 고객 문의 응답  다만   아쉬운  고쳐나갈 점이 다소 있는  성장형  어플 감사하게도 문의사항에 대해 응답을 듣고  여기에 남긴 리뷰도 대답을 들었습니다 다만 아쉬운 점이 땜빵 처리라는 느낌입니다 한차례 건의 드린 내용 비매너 구매자를 비매너 평가 하려고 하였으나 그 사람이 너무 멀리 산다고 비매너평가가 불가능 하였습니다  그런 논리라면 그 사람이 제가 너무 멀리 산다고 제 글을 보고 채팅을 보낸다던가 하는게 불가능 했어야죠 너무 멀리 사는 사람이라 하더라도 전체 리뷰
48,안녕하세요  당근마켓 너무 잘 이용 하다가 로그아웃 했다가 여러번 번호 인증받고 로그인 하게 됐는데요 다시 로그인 하려고 인증번호 받아서 로그인 누르니 비정상적인 인증시도가 돼서 인증할 수 없다는 메세지가 뜨는데 어떻게 해야 하나요   
49,판매 목록 카테고리 정리폴더를 만들어주셨으면 좋겠습니다  제가 판매하는 물건이 분류 카테고리도 다양하고 이사 준비하면서 올리는 물건이 늘어나서 판매 목록이 엄청 복잡해졌습니다  물건 보시는 분들이 한번에 관련상품 보실 수 있게 카테고리 분류 폴더를 만들어주세요 
50,잘 쓰다가 중복 게시물 되니 엄청 짜증나네요  정확한 이유도 모르고 중고폰 올렸다가 숨김처리 된것 같은데 정작 본인은 모르고 있으니 바보된 느낌입니다  와이프도 물건  개 팔려고 올렸는데 반나절만에 숨김처리 되네요  나름 소소하게 팔면서 온도도 높았는데 이유도 없이 업자 취급하니 정이 뚝 떨어지네요  판매 이력만 한번 봐도 알겠구만 그냥 막처리하고 이의제기 하는 기능도 없고 안타깝네요  한편으로 이해는 가면서도 이유도 없이 또 몰래 당하니 몹시 억울하군요 ㅎㅎ
51,폰초기화를 하고 새로 설치를 했더니 거의 본인인증무한루프다  본인인증만 오늘  번 모두 받았다 처음 인증받아 입력후 들어가니 원래 사용하던 계정이 프로필보여 확인 눌렀다 계정주인확인 누르면 바로 창이 닫히면서 다시 본인인증 또 창이 닫겨 또 본인인증 계속 반복하고있다   회째 인증받고 오늘 본인인증  회 남았다길래 플레이스토어 들어와 어플신고를 했다  그랬다가 다시 폰화면에서 누르니 이제 두가지 정도 질문확인하고 어플동작되더라 오전에 구매자와 채팅했는데 채팅창나가기가 안된다 이상해서 어플데이터와 캐시 삭제했더니 또 본인인증받으라더 전체 리뷰
52,매너온도에 대해 문의를 드렸는데도 불구하고 개선되는 점이 하나도 없네요  매너 온도가 올라가지 않아 문의를 드렸는데도 똑같은 답변과 내용을 찾아 읽으라는 말밖에 없네요 하하 게다가 최근에 비매너 수가 늘지도 않고 제가 가진 비매너 수가 두개밖에 없었는데 왜 문의를 드렸는데 매너온도가 더 떨어지나요  이유를 알고 싶고 또 문의를 드려도 똑같은 답변만 오고 해결되는게 없어서 너무너무 답답해요
53,코로나 땜에 힘든 가정경제에 당근이 찐힘이된다고 느낀다 꼭 필요한 생필품을깨끗하게 저렴하게 만나서 행복하다   아쉬움이 있다면 동네인증거래만 된다는 점이다  
54,농산물중복게시글 올렸다고 경고도 없이 그냥  일간 이용중지  중고나라와는 다를줄 알았는데 실망이네요  동네홍보게시판 존재하는지도 모르는 사람이 대부분일텐데요  거기 올리면 조회수가 거의 없어요  거기에만 올리라는건 팔지말라는 거랑 같음  저도 이용중지먹은후에야 알았고 들어가는법도 매번 생각해야 함   일정지종료후 아무 문제없었던 고사리 판매글을 끌올했더니 농산물판매글이라면서  일정지를 또 때렸네요 일정지는 중복게시라서 받은줄 알아서 중복아니면 괜찮은줄  참 쉽게 쉽게 정지 날리네요  당근마켓도 공정위나 구글에서 일방적으로  일 전체 리뷰
55,당근마켓 나오고 초반에 사용한 사용자입니다  너무 좋습니다  동네다보니 직거래가 가능하니 좋고요  앞으로도 잘사용하겠습니다  감사합니다 
56,이때까지 잘 사용하고 좋았는데 나이 제한 없이도 거래가 가능하는 것이 좀 그러네요  어린 친구들이 와서 예의 없게 하고 사기도 당했습니다  만  세 이상 사용하면 좋겠습니다 
57,검색내역이 제한되어 불편하네요  업데이트 전에는 관심있는 검색 내역이 전부떠서 편하게 찾아볼 수 있었는데 왜 검색 내역이 제한되었는지요  궁금합니다 
58,말 그대로 별 하나 주기도 아까움  다른 사람이랑 채팅하다가 못살것 같다고 죄송하다고 했는데 그 사람이 비매너평가 해버려서 이용정지됨  이 앱 절대 깔지 마시길 절대 사기꾼 겁나 많고 평생 후회하게됨 
59,아예 다른 사람에게는 미노출되는 현상이 있습니다  알림으로 아무것도 공지받지 못했습니다   번 삭제 재등록을 했으나  번 모두 같은 증상입니다  다른 사람의 계정으로 확인하면 제 물건은 꼭 빠져있더군요  사진을 바꾸거나 내용을 바꿔도 동일합니다 
60,진짜 너무 좋아요  사기가 많지 않을까 생각해보다가 깔았는데 정말 편리하더라구용  덕분에 필요한 물건 딱  번 거래해봤어용  감쟈합니댱 
61,안녕하세요  당근을 아주 잘 이용하고 있는 사용자입니다  한가지 문의드릴게 있는데 채팅내용 중 주소  핸드폰번호같은 개인정보를 삭제할 수 있는 기능은 없을까요  가끔 거래를 하다가 주소  핸드폰번호를 전달 한 후에 그대로 연락두절이 되는 경우가 종종 있는데 채팅창에는 개인정보가 계속 남아있으니 찜찜하네요 
62,다 좋은데 거리가 좁아요 솔직히 지산동에서 평택까지 갈수있단말이에요 근데 평택시는 못가는데 화성시 청북읍은 돼요 솔까 평택보다 청북읍이 더 멀거든요 이게왜 평택시는 못가죠  범위를 조금만 더 넒여주실수없을까요  다른사람들도 같은마음일거에요 조금  동내  동내도 괜찮으니깐 범위름 조금만더 넒여주세요 당근마켓이 가까운 주민들과 거래할수있게한건아는데 그래도 조금만 조금만 넒여주세요 부탁드릴게요
63,정말 잘 사용하고있습니다  목표한 가격을 노리고 존버하면 성공하네요 ㅎㅎ 건의사항이 있습니다  키워드알림을 등록해두면 그 단어가 포함된 모든물건이 알림이 오더라구요  그래서 알림 제외 키워드도 있으면 좋겠습니다  예를들면 벤치프레스를 원해서  벤치 를 키워드로 등록했다면   빈치스  를 또 등록해서 빈치스벤치 손가방은 알림이 오지 않도록 하는거죠  이런거는 따로 이메일로 드려야하나요 
64,진짜  당근 마켓을 왜 이제 깔았나 싶을 정도로 너무 편리하고 볼 것도 많네요  사흘 전 처음으로 직거래를 했었는데 채팅에 좋은 기능들이 많아서 놀랐어요  이제는  일  당근 해요ㅎㅎ 정말 별점  점도 모자른 앱이에요 
65,정말 화나네요  앱 쓰다가 이렇게 화나보긴 처음입니다  자신과 아무 상관없고 아무런 피해를 주지 않았는데 멀쩡한 남에게 신고로 열을 올리는 사람들이 많습니다  운영팀은 신고 항목을 제대로 체크를 하고 제재하는 겁니까  그 모르쇠 신고로 합당한 이유도 없이 이렇게 아무 잘못없는 이용자를 거래를 막아버리는 조치를 취해도 됩니까  사각지대에서 욕설 비방  비매너 행위를 일삼는 사람들은 곳곳에서 아무 제재없이 이용중인데 왜 애꿎은 이용자가 아무런 잘못도 없이 오히려 피해를 봐야 하죠  정말 이해가 안가네요 
66,시골마을에서 당근을 이용하는 사람입니다 맘에 드는것이 있으면 가까운 타지역도 차로 이동하여 당근을 이용하기도 합니다 당근채팅이 거리때문에 안될때 너므 속상합니다 원하는 물건이  필요했던 물건이  괜찮은 가격대에 멀지 않은 타지역 나와있겄만 채팅조차 안되서 거래 약속을 할 수 없을때 속상하네요
67,당근마켓에는 중고물품 꼭 필요하신분들이 저렴하게 구매하는곳이 이곳입니다 전 당근마켓 어언  년이상을 구매 및 판매를 하였습니다 한데 이곳에 아주 전문적으로 저렴하게 정말 힘들게 사는것처럼 해서 이곳상품을 헐값에 구매하여 다시 당근마켓에 되팔고 엄청난 폭리를 취하는 아주쓰레기같은 회원이 있습니다 저도 자식 손주가있는 할아버지입니다 제가 얼마전에 하이브리드 자전거를 한달전에 삼천리 자전거 대리점에서 새것을 구매하여 당근마켓에 구만원에 내 놨습니다 어떤분이 육만원에 해달라고 채팅창에 두세번이나 문자 왔길래 전 정말 힘들게 사시나보다 하여 전체 리뷰
68,업데이트하고서 최근검색목록이 보기 불편해졌고 최근검색어 누르다가 지움표시 눌러짐   개밖에 안나오네요  주기적으로 검색하는 검색어가 있는데  최근검색어들 모두 나오게 해주세요 
69,중고거래의장점있음 최근 가입자 늘고 진상도 늘은 듯 고객센터 직원도 늘은듯 상담글 남기면 답변이 하루이상 걸리던 게  분 이내 혹은 즉시 응답으로 바뀜  최근 사기거래 신고 하니 사기꾼은 계정 놔두고 피해자를 비매너로 정지시킴  다행히 잡아 해결 될때까지 불법거래신고 지속적으로 했으나 해결시점까지 묵인  나만 비매너신고로  일간 정지시켜 오히려 가해자로 몰리게 하고 고객센터에 글 남겨도 지금껏 구경만하고 비매너 신고에 개입하지 않는단 말만 반복하고 사기신고 피해접수에대한 언급은 안 함  사기신고 피해에대해 문의 해도 비매너 접수됐 전체 리뷰
70,동네인증을 해야만 거래가 가능한데  좀 멀리 떨어졌더라도 거래하고 싶은데 그게 안되게 되어있어어 매우 불편합니다  원하는게 다른동네에 있을경우 어떻게 해야 하나요  동네인증을 안해도 거래가능하게 할 수는 없는건가요 
71,게시글에서 사진 보고 창을 닫으면 본 위치가 초기화됩니다  업데이트되고 그런거 같은데 수정해주세요  카데고리 디지털기기에서 한시간전 게시물 사진보고 닫으면 위치가 최신글로 변경됨  수정해주세요  안드로이드     입니다 
72,최근 검색어 기록이 전처럼 많이 남아있으면 좋겠어요  제가 구매하려고 했던 목록이 최근 검색기록에 남아있어서 좋았는데 업데이트되고 나서 많이 줄었네요 
73,심각한 버그있음  년동안 잘사용하였음 올  월부터 검색어노출이 안됨 휴대폰  대 각각 당근 아이디 다 다르나 아무리 저렴하게 올려도 좋아요나 챗팅자체가 안옴  개 당근 폰 가족아이디 다  월부터 그랬음  너무 이상해서 가족폰으로 제가 올린상품 검색하니 전혀 뜨지가 않음 제가 판매중인상품  개를 올렸는데 가족폰으로 제꺼 과거상품 판매완료된거 검색해서 제아이디 클릭해서 현재 판매중인 상품 보니 과거에 판매완료된건마 본이고 제가 판매중으로 올린것은 보이지가 않음 너무 이상햇던게 그동안 꾸준하게 챗팅이 많이오고 좋아요가 엄청 많았는데 신기 전체 리뷰
74,사기나 택배를 보냈는데 돈이 안들어오는 경우가 있다지만 거의 대부분 다 착하시고 친절하셔서 너무 좋아요 그리고 쓰지않는 물건을 버리지않고 재사용 한다는 취지가 너무 좋고 단점이라면 물건을 엄청 헐값에 올려야 팔린다는점이 쪼꼼 아쉬워요 그래도 편리하고 정말 좋은 앱입니다 학생들이 용돈 벌기로도 좋을것같아요 
75,비매너  번 경고 말고  개월 거래 정지제도를 만드시기를 바랍니다  새벽에 너무 화가나서 속이 부글부글 끊어요 직거래 하기로 시간  날짜까지 다 잡아놓고 저같은 경우 오후  시에 만나기로해서 해주세요 심부름 업체까지 잡아서 선불예약했더니 이새끼가 갑자기 새벽  시  분에 채팅을 보내 뭔 일이있다고 약속장소까지 파괴하고 뜬금 택배 착불로 보낸다고  당근마켓 욕 나와 진짜  나는 심부름센타 업체불러서 선불 결제했는데 이새끼가 당근마켓 품평 좋아서 믿고 거래 했다고요 거래 후기보고 거래 품평이 더 좋아서 화가나 당근마켓도 전체 리뷰
76,예전에 사용하다가 지우고 다시 사용할려고 하는데 전화번호는 바뀌었고 제가 사용하는 이메일은 등록 되어있지 않다고 합니다  다시 사용할 방법은 없나요 
77,잘 사용하다가 언제부터인가  거래를 위해서 대화하면 채팅창 하단이 고정되어 있어서 휴대폰 키보드가 올라오면 제가 치고 있는 글자가 안보입니다 오타가 났는지 아닌지 엄청 신경써서 하나하나 눌러야 되는게 불편하네요 기종은  입니다
78,답변 감사합니다  그런데 사용 불편을 겪은 사람은 저희 어머니입니다  또한  인증문자가 스팸으로 들어가지 않았는지 찾아봤는데 스팸 등록이 되어 있지 않았습니다  그리고 앱스토어에서 별점과 리뷰 남기기 한참 전에 답변으로 알려주신 루트로 닉네임과 관련 사항에 대해 문의했는데 이에 대한 답변은 지금까지도 없습니다  본인이 문의 남긴 글도 볼 수 없고  답변이 어떻게 오는지도 모르겠어서 엄청 답답해 하세요  비대면 거래 해서 현관 앞에 당근물품을 내놨는데 자꾸 가져갔는지 문 열어보십니다  인증제도 관련 개선 부탁드립니다 
79,동네 두개를 설정해도 어차피 그동네에 있어야만 찜도누를수있고 채팅도걸수있기때문에 퇴근후 집에서 찜해두고 채팅걸어놓은다음 낮에 일나가서 거래나가는게 불가하다 회사가서 언제뒤져보고 언제찜해두고 언제채팅해서 답장올때까지 차에서 기다리다 언제거래하냐 두개설정이 그닥 의미가없다 눈팅만 하라는건가 젤 짜증나는거는 동네범위 차로 더 걸리는곳으로 범위가나오고 오히려 덜걸리는 곳으로는 범위가 안나와요 아니 충남인데 왜 충북이나오냐고 답답하다진짜 여긴 시골이지만 시내보다 충북이 더 멀어요 아 답답 시골에사는사람들은 거래도 못하겠네 차로  분이면  전체 리뷰
80,구글플레이스토어 보여지는 부분은 답변이 달리는데 당근마켓 문의에서는 답변이  일이 지나도 답변대기중이고 이용도 안되고 너무 불편해요 전화응대도 없고  빨리 답변좀 확인해주시면 좋겠어요
81,현재업데이트이후 앱실행중에 페이지를찾을수없음오류가납니다  어제까지잘사용하다 업데이트후 오늘부터 갑자기이러네요 조치부탁드립니다 
82,사진에 당근마켓 워터마크 만들어주세요 마음대로 사진 퍼가서 다른사이트에 올리는사람들 아주 많네요 당근마켓 글자와 당근 닉네임 워터마크 있어야할듯요
83,나눔받아봤는데 좋으신분들이 좋은제품 나눔 많이 하시네요  업자분들은 피하시며 개인사용자들에게만 무료나눔하시고 나눔아니라도 싸고 좋은제품을 많이들 올리시네요  아주 좋은 어플입니다 
84,중고거래하기에 굉장히 편리한 어플이라고 생각합니다  그런데 동네인증으로 거래범위가 한정지어져서 불편합니다  다른 동네의 상품을 원하는데 채팅조차 불가합니다  다른 지역 판매자 분들과도 거래하고 싶습니다 
85,동네 범위를 더 넓혀줬으면 좋겠네요  실제 거리가 가까운데도 불구하고  동네 인증 때문에 채팅이 불가하는 경우가 있습니다 
86,굉장히 잘 사용중인데 자판 치는게 이상해요 글자를 쓸때마다 ㅇ  이렇게 자음 모음이 분리  돼서 써져요 가끔 지멋대로요 이거 왜 이러나요  어플은 좋은데 기본적인 부분들을 더 보완해야하지않나 싶습니다
87,두가지 정도 제안하고 싶어서 리뷰남기네요  사용 정말 잘하고 있어요  첫번째 신고하면 정지되고  일후에 정지가 풀리던데 이런방식은 별로라고 생각해요 대신 정지후에 당사자간 대화나 사과를 통해서 신고자의 동의를 얻어 정지를 풀 수 있게 하면 좋을듯해요  또 두번째 내가 남긴 후기랑 내가 받은 후기를 언제나 한번에 볼 수 있게 되면 좋겠어요 
88,핸드폰 번호로 로그인하려고하는데 인증번호받는 부분에서 제 기기가 자동으로 써주는데 그 과정에서 비정상적으로 인증요청 이라고 뜨면서 로그인 안되는데 어쩌라는거죠 
89,직거래 할때 채팅이 된다는게 너무 좋아요 제가 예전에 다른 앱을 사용해 본적이 있는데 그때는 채팅기능도 없어서 너무너무 싫고 아쉬웠는뎈ㅋㅋㅋㅋㅋ이거는 좋네여
90,제가 실수로 당근을 지웠다가 다시 깔았는데요 전화전호를 쳐도 인증 번호가 도착하지 않아서 이렇게 남기고 갑니다  제발 가입 할수 있게 해주세요  제발요 
91,정말 잘사용하고 있는 사람입니다  하지만 농수산물이나 핸드메이드 같은 제품들도 판매  구매가 가능 해졌으면 좋겠어요 
92,업데이트하고 나서 너무 불편한데요  키워드 검색이 너무 불편하고 갯수도 줄어들어서 여러가지 조회하기도 힘드네요  이걸 설마 테스트도 안하고 올리신건가요  너무 별로네요 
93,매우재밌는뎅 잠깐 탈퇴했다가들어오니 못들어가구 메세지도 안들어오고 메세지도 지워버려서 들어갈수가없네요  나머지는 매우 굿굿 
94,갑자기 오후부터 네트워크가 먹통됐어요 로그아웃  업데이트  다시 지웠다가 새로설치도 해보았지만 똑같습니다 시스템 문제인지 답변바랍니다
95,앱은 잘 사용중입니다  채팅방나가기를 누르면 예 아니오가 갑자기 안뜹니다  그래서 감으로 눌러서 나가든지 해야하는데요  어떻게 하면 되나요 
96,당근 채팅창에서 증빙용 영수증 같은 거 가끔 주고받을 때가 있는데요  이미지 파일은 저장할 수 있는 기능이 없나요  화면 캡처하면 원본 이미지가 아니라 선명하지 않거든요 
97,잘 이용하고 있어요  필요없는 물건도 판매하고 여러가지 득템도 했네요  최근에 검색 누르면 이전 검색했던 목록이 나왔는데 없어졌는지 안보여서 이점 불편해요 
98,서울이나 이런 큰동네는 유용하고 좋겠네요 그치만 소도시에 사는 사람들에게는 기대에 못미칠수 있어요 지역제한이 있어요 그게 장점이지만 또 단점이네요 ㅋ
99,길게 써주셔서 너무 감사해요   근데 저는 이용을 할수 있지만  채팅또는 게시물을 올리지 못해서 그러는거에요 다시한번 죄송합니당 이거 풀어주시면 감사할깨요  
100,어플자체는 괜찮은데 사람들때문에 정떨어져요 온갖진상은 차단하면 끝나지만 거래하기로 약속해놓고 무통보 거래파기하는분들은 약속시간전까지 모르고있다가 당할때가 너무 많아요 그런 기준과 제재하는 강도를 강화하고 탈퇴하고 다시가입해도 그런기록이 남아있었으면 좋겠어요 그리고 거래자필터 있었으면 좋겠습니다 지정성별과 몇살이상만 채팅할 수 있게 게시글을 올릴수있으면 좋을것같아요 여성용품인데 남자가사려고하는 변태같은사람을 불쾌하기전에 미리 거르고싶네요
101,안녕하세요 이거 사용했던 유저입니다 근데 제가 탈퇴를하고 지웠거든요 근데 인증번호를 주는 버튼을 눌렀지만 인증번호는 오지않고 그전 인증번호도 잊어버린 상황입니다  그래서 조금 아쉽습니다 
102,멋대로 구매를 약속했다가 당일에 갑자기 단순변심이나 이런걸로 취소하는 경우에 신고를 하면 경고 등을 통해서 관리자분이 제재를 해주시면 좋겠네요
103,첨 당근을 이용해보는데 충동구매가 막 일어납니다  버려지는 제품 없이 요긴하게 활용되고 환경도 생각할 수 있는 최애 플랫폼이 되었습니다 
104,다 좋은데 우리 동네에만 필요한 물건이 꼭 있는건 아니니까 택배거래도 괜찮은지 직거래만되는지 같은 거로 타지역과도 거래하고싶어요 
105,어제 저녁에쓴 제글 지우신건가요 인증초과로 아무것도 안되눈상황좀 해결해달라고 글올렸는데 아무런답변도없고 어찌된건지요  굴지우지마시고 답변을 좀해주세요  
106,다 좋은데 시골사람한테는 너무 가혹해요  최소 인근 광역시까지 연결 해줬으면 하는 바람이네요  다 직거래로 갈만한 거리인데 
107, 최신업데이트를안하면 검색안되게 바꼈나요  검색눌러도 안나오네요  오늘업데이트하니까 되구요   키워드 눌러서 검색후 뒤로가기 후 저장된  키워드 눌러서 검색하려면 검색이안되고 흰화면만 나옵니다 또 뒤리가기해서 메인화면에서 검색해야합니다 
108,잘사용하고있는 어플인데 사용상 주의사항을 잘못이용하여 사용이 어려워졌네요 다시 사용할수 있게해주시면 주의사항숙지하여 조심하도록하겠습니다  
109,당근마켓 한  년정도 하고있는 사람인데요 한  달동안 당근마켓을 사용을 안하다가 다시 들어가보니까 비매너 이런건 하나도 없는데 매너온도가  도정도 내려가있더라고요  왜 내려갔는지 이유가 궁금합니다
110,채팅방 나가기 진행 시  네 나갈래요   아니요  버튼이 없어졌는데 업데이트되면서 없어진건가요  오류인가요 
111,동네 인증만 몇십 번을 했습니다  진짜 한 번도 안 되더라고요  기기도 껐다가 켜보고  앱도 지웠다가 깔아보았습니다  위치 권한은 당연하게도 허용하였고요  빠른 해결 부탁드립니다  예전에 당근마켓을 자주 이용하였던 사람으러써 당근은 정말 최고인 것 같아요  저와 같은 현상을 겪고 계신 분이 많은 것 같은데  다시 말하지만 빠른 해결 부탁드립니다 
112,비지니스 프로필 채팅 에러가 너무 많아요  개선 되면 좋을 것 같습니다  피시로 관리 할 수 있는 사이트도 있으면 좋을 것 같아용
113,진짜 좋습니다  사람들은 전부 착하구요 직접 힘들게 찾아와서 거래해줘서 넘 좋습니다  당근마켓 너무 좋아요 
114,검색할때 바로지난 검색어가 나왔어는데 이제는 지난검색어는 안나와서 계속 다시써야 돼서 불편합니다  다른앱처럼 당근앱에서도 전에는 나왔거든요 본인이 적었던 검색어 보일수 있게 했으면 좋겠어요 
115,매너 잘 지키며 앱을 사용하고 있었는데 신고 때문에 앱을 사용할 수 없다고 뜹니다 거짓신고 하나 때문에 앱을  년 동안 못한다고 생각하니  너무 억울해서 글을 올립니다
116,검색한 후 검색필터 매번 최신순으로 바꾸기 불편합니다 기본값이 정확도순으로 되어 있는데 설정으로 최신순이나 정확도순을 선택해서 유지할 수 있도록 업데이트해주세요 
117,정말  점도 아깝네요 하지도 않은일로 정지를 먹이고 문제가 생겨 고객센터 문의하면 자기들 원할때 답변하고 불리한건 답변오는데  일이상씩 걸리네요 고객관리 개판입니다 최악이에요
118,헉 정말잘쓰고있다가 어제 업데이트한이후로 키워드알림설정해서 뜨는거 들어가면 원랜 알림목록이 나왔는데 안들어가져요  저만그런건가요 ㅅ 
119,처음에는 잘 쓰고있었는데 갑자기  월 일까지 이용이제한됬다네요 다시 가입했는데 왜 그런거죠  별 개 줄라고 했는데 전에는 잘 써서  개했어요 
120,솔직히 나이제한을 좀 두셨으면 좋겠어요  초등학생들도 가끔 보이는데 애들은 대부분 직거래만 할 줄 알잖아요 그래서 좀 위험할 것 같아요 
121,좋은 물건을 싸게 살수 있어서 매번 만족합니다  특히나 요즘엔 사기가 거의 없는 것 같아 더더욱 만족합니다 시민 수준이 높아진 것 같네요 
122,당근마켓 진짜 다 좋아요 근데 이건 선 넘었네요 아니 이유없이 일주일에  번씩 비매너 이용정지되버리고 제가 서비스도 많이 드리고 막 엄청 매너좋게 햇는데 갑자기 비매너 사용자라고 이용정지가 돼버리네요   이거 어떻게하라는건가요 아니 잘 대해줘도 이용정지되면서 신용이 바닥나버리니 제가 이거 보고서 운적도 있고 엄청 화났던적도 있어요  제 닉네임이  으에에에에에에엥엥 깎아줘  인데 좀 해결 부탁드립니다 제발요  부탁드려요 제발 
123,검색했던 목록 리스트가 확 줄었네요  개정도는 넘 부족하고 이웃들이 뭘 검색했는지는 관심 없으니 필요한 사람만 노출하게 하고 검색리스트 다시 돌려놔 주세요 물론  문의하기에 남겨놨으니 복붙 답변 노노 입니다
124,혹시 동네범위 더 넓힐 수 없나요  광역시같으면 솔직히 전지역 거의 버스나 지하철타고 갈 수 있는데 동까지 나눠서 직거래가능한 거리인데도 못하는게 답답해요
125,당근마켓을  년동안 이용하고 온도가  도 인데  지난주부터 제 판매글이 다른사람한테 노출이 안됩니다  고객센터에도 글을 올렸는데 방법이없다고만 합니다  고객센터 전화번호도 없고 답답하네요 해결방법알려주세요 
126,아무리 당근이라지만  멀리 살고계시는 분들 판매물품은 볼수가없어 엄청 매우 아쉽네요  주변사람들꺼밖에 못봄   
127,게시글 몇 개 올리지도 않았는데  전문판매업자라고 제재하고  사전 경고나 알림도 없이 나도 모르게 게시글 노출이 되지 않는 어플ㅋㅋ 제재 받고 한참 뒤에 게시글 노출이 되지 않는걸 확인했는데 고객센터에서는 질문에 맞는 답변은 하지도 않고  몇 개부터 전문판매업자인지 기준도 알려주지도 않아서 직원 꼴리는대로 이용자 제재하는 어플ㅋㅋ
128,다 좋은데 누가 비매너 표시를 했는지 확인하고 싶어요  거래 여건이 맞지 않으면 거래를 할수 없는건데 그걸로 불친절 비매너를 남겨서  일 정지됐네요  고쳐주세요
129,  채팅 알림이 안 와서 보면 채팅이 와 있어요   그래서 채팅 확인하려고 채팅창 들어가면 새로 온 채팅 표시가 안돼요    몇 분 후에나 보여요  계속 그러네요
130,채팅을 입력하려고 하면 키패드만 나오고 채팅 입력란이 올라오지 않아서 보이지 않습니다 앱을 지우고 다시 깔아도 해결되지 않습니다 이럴 땐 어떻게 해야 되나요 
131,휴대폰을 새로 바꿨어요  당근에 가입하려 했는데 전화번호 인증에서 인증문자를 발송해도 문자가 안와서 가입을 못하고 있어요  어떻게하면 될까요  무슨 문젠지 모르겠습니다  도움을 주세요 
132,거래편리한앱이있어서좋아요  또물거래하는걸사면파는분이너무친절해요  그리고산걸잘쓰고있고 좋아요 
133,다른 알림은 다 정상인데 동내생활 댓글 알림은 팝업과 아이콘이 뜨지만 알림음은 안오네요 앱 자체 알림 설정도 확인했고  애플리케이션 정보에서 알림 설정도 확인 했는데 알림음은 여전히 안나오네요
134,키워드 알림시 금액조건을 좀 걸어주세요  예를들어  만 이하만 알림오게 한다든지 이런 키워드알림의 상세조건을 지정할 수 있게요 
135,잘 쓰고 있었는데요  갑자기 오늘 채팅할 때  자주쓰는문구 에 저장된 문구들이 모두 사라졌어요 
136,첫 물건 내놓고 다양한 기능을 확인하고 안전하게 거래할 수 있고 만족합니다  가격은 현실적인 가격으로 책정해야 구매의사 있는 분이 연락옵니다  내가 희망하는 가격이 아니라 구매자가 현실적으로 구매가능한 가격대가 거래가 되네요
137,일단 당근마켓 자체에 뭔가 의견제시하는 공간이 없네요  불편한거 두가지만 얘기드리죠   정확도순보다는 최신순이 찾는디 더 필요할것 같은데 항상 최신순으로 해놓으면 그냥 정확도 순으로 돌아옴 설정유지가 안되는군요   갑자기 업댓되면서 자동완성기능 모든앱이나 웹에서 있는 기능 이  개까지로만 바뀌었네여  그럼 또 일일이 타자쳐야 하는데 
138,당근마켓 시스템 자체는 굉장히 만족합니다  근데 사용하다보면 사람들이 자꾸 찔러만보고 읽씹하네요  킹받습니다 
139,한번도 사용못하고 어플깔인두었는데 팔고싶은게 생겨서 접속하려니  년까지 이용제한이라고뜨네요 도대체 왜그런겁니까 사기친것도 없구요 뭘한게있어야 사기도치는데 아무것도 한게없다고요 아놔 제껄로 누가 사기를친건지 저것좀 풀어주면좋겠네요 어디다 문의해야할지 전화번호도 못봅니다
140,거래약속 설정하면 탈퇴 못하게 하는 기능 만들어주시면 안돼요  약속 다 잡아놓고 몇 분 전에 탈퇴 ㅎ 이럴거면 거래약속 왜 만든건지 모르겠네요
141,동네 인증이 안 돼요  몇 십번을 했는데  앱 한 번 사용 못해보고 지워야 될 것 같아요  처음 깔았을 때도 안 되서  번째로 깔은 건데 안되네요  허용하라고 뜨는 거 다 허용했고요 
142,동네 주민을 대상으로 하는 만큼 물물교환을 희망한다는 설정사항이 있어서 가격을 안 매기고 무료나눔도 아닌 형태로 등록할 수 있도록 하면 많은 사람이 이용할 것 같아요
143,사용한지  년도 안됐는데 물건을 팔면서 사기치지도 않았고 상품에 하자도 없었는데 오랜만에 들어와보니 계정 제한이 되어있네요  실망스럽습니다 
144,저는 당근마켓을 작년부터 알게되었는데요 좋은 물건을 저렴히 살수있고 나눔도 가능하니 정말 최고의 마켓인것 같습니다  일단 주변에 가깝게 계신는 분들과 직거래가 제일로 맘에 듭니다 
145,조금 반은이 느린거 빼고는 만좁합니다 푸시알림으로 왔을때 챗의 키보드가 화면을 가려서 입력할수없는 버그 같은게 있습니다
146,매물탐험대원 뱃지 없어졌는데 아예 없애버린건가요  전에 아무리 물건검색해도 뱃지획득이 안되던데 그 오류 때문에 점검차 없앤건가요 
147,아무라 시도해도 전화번호가 인증이 안됩니다  인증하기를 누르면  초안에 문자가 와야하는데 문자가 오지 않습니다 
148,동네 인증을 하려하는데 동네 인증을 할 수 없는 환경이라고 뜹니다 위치 권한같은거 다 해봤는데 안되네요 게다가 하루 문자인증한도는  번 
149,최신버전인데 중고물품 쓰다가 나가면 예전에 임시글로 저장되어 이어작성하기가 되었는데 요 며칠 전부터 임시로 저장됐다 메시지는 떴는데 막상 들어가면 이어작성 안뜨고 그냥 새글 작성 처럼 되어서 긴 글 다 써놓고 다시 써야해서 황당했음 그리고 자주쓰는 문구 추가 싹 다 없어졌고 다시 적어서 추가하기 눌러도 전혀 저장 안됨  앞서 작성해놓은 중고물품 리스트 내용 복사해서 계속 쓰고있음 개선필요함 그리고 이거는 한참 전에 개선필요하다 말씀 드렸는데 아직도 전산 처리 안되고 있음 물건 판매 리스트 밖에 채팅수  관심 하트수 갯수가 실제 물건 전체 리뷰
150,좋은 어플이에요 어플 이용하면서 안쓰는 물건들 정리하기 시작했고 동네사람들이라 직거래도 쉬워서 필요없는 물건이면 쉽게 내놓게됬어요 덕분에 집도 많이 비웠고 정리정돈도 많이했어요 그냥 버리기엔 아깝고 처리하기 어려운 경우들이 많았거든요 필요하신 분에게 가니까 뿌듯하기도 하구요 정말 잘 이용하고있습니다 저희 집에 많은 변화를 준 어플이에요 감사합니다
151,동네 이웃들과의 따뜻한 거래가 지역을 한정해야만 가능한건가요  그 점이 오히려 당근마켓을 이용하지 않는 주된 원인이 되는것같습니다  많은사람들이 접근하기 편한 앱인만큼 많은사람들에게 기쁨을 주는것이 옳다고 봐요  판매자도 구매자도 심지어는 개발자도 그 편이 최대이익을 낼 수 있는 방법인데 서비스를 제한하니 이만큼 답답한게 없는 것 같네요  다른사람들도 다 그렇게 생각하는 모양새인데 개발자님은 안그러신가요 
152,동네설정 넓게 하고 키워드알림 해놔서 알림이 떴는데 내 동네랑 쪼끔 멀다고 채팅으로 뭘 물어볼 수가 없네  사람 약올리는 겁니까 
153,검색기록 볼려하면 문자패드가 화면  를 가림  터치하면 기록도 닫혀짐  번개장터처럼 바꾸셈 
154,당근마켓에 자기소개쓰는게 있으면 좋겠어요  이게 없어서 좀 아쉽네요  이것만 추가되면 별 개도 줄수 있을것 같아요 
155,나눔이벤트 설정 변경해주세요  나눔채팅이 많이와서 하나 하나 채팅후 당첨자 선택 하고싶은데  채팅하기 하면 바로 당첨이라고 떠서 놀랬네여  아니요 누르면 채팅도 못하게 되어있고  수정 부탁드립니다 
156,일단 너무 좋음  완벽함  다른 중고거래 어플보다 훨씬 편함 단점은 탈퇴하면  일 기다려야 함   일째 기다렸는데 안 열려서 기다리는 중  언제 될까 
157,왜 알람이 안 울릴까요  언제부턴가 폰도 소리로 하고 알람 다 켜도 안 울립니다  어플 문제인 거 같아요
158,내게는 불용품이지만 누군가에게는 필요품 동네 이웃들과 나눔하는 이 앱을 왜 이제야 입문했을까 싶어요 편리하게 사용하도록 잘 되어 있어서 최고점수 드리고싶어요 
159,뭐죠  저만 그렇나요  가격을 엄청 낮춰서 팔지 않는 이상 조회수도 안오르고 엄청 안팔려요  끌올도 안되고 
160,활동알람도 한번에 삭제가능하게해야지 너무 한개씩지우기 짜증남 너무 상업적이고 갠정보를 요구하는 페이서비스 하는거같아 역겨움 갠정보 보호하구 거래시에 요구하지마라
161,거래 양이 많지않아보였는데 아니더라구요  순삭되는거였어요  빠른 중고판매에 짐정리가 쉬웠습니다  감사합니다
162,장점은 자기 동네글만 나와서 직거래등 편리한 부분이 있다는 것이고 단점은 인증한 동네만 나오다보니 거래량이 너무 적다
163,당근 잘쓰고 있었는데 갑자기 물건 사진 이미지가 안나옵니다 물건 이름은 보이구요 어플을 지우고 새로 다운받아도 이웃분들 파시는 목록에 사진이 안떠요 왜이러는걸까요 
164,제 상점을 소개 할 수 있는곳도 있었으면 좋겠어요  답장 할 수 있는 시간 대  주로 거래 가능한 시간대나 택배 거래 가능 여부 등등이요 당근마켓 정말 잘쓰고 있어요 
165,업데이트하고 나서 검색을 할 때 마지막에 쓴 단어가 항상 두번씩 써져요  구글키보드 사용하는데 이거만 그런진 모르겠지만 너무 불편합니다  영어는 안그러는데 한글만 그러네요  빠른 수정 부탁드립니다 
166,안쓰는물건 필요로하는 사람드릴 수도있고 좋은제품 저렴히도 구매하고 일석이조 입니다  전 롱런갑니당 
167,아기용품은 새거사기 아까운데 너무 도움되요  안쓰는 물건들 처분하기도 편하고 이런어플 만들어주셔서 감사하네요
168,검색시 디폴트로 최신이 맨위에 올라오도록 수정 요망  정확하게 찾지도 못하는 정확도 순은 불필요함 
169,시스템 연동 다크모드를 안 넣으실거면  강제 다크모드가 적용되게라도 해주세요  밤에 이 앱에 들어가서 볼 때 너무 눈부십니다 
170,매우 유용한데  지금처럼 채팅 장애등이 종종 발생해서 답답해집니다  빠른 장애 해결이 되면 좋겠습니다 
171,다좋은데 출석체크스템프 기능있으면좋겠습니다   일 다 출석했는데 배지 안주네요  접속의 기준이 있는게 좋겠습니다
172,아직 뭐라고 표현해야할지 최근에 구매한 제품에 실망을 가져다 주내요 제가 다리아파서 전동차를 구매했는데 충전도안되고 타지도 못한 전동차를 실망입니다  원 주고요
173,앱보단 아이템인거고  회사에서 가끔 중고물건 살때 블루투스 키보드로 채팅하는데 커서 날라가고  여전히 병맛이네 이거 좀 고쳐주소
174,당근마캣에서 구하고자하는 물건 쉽게 구할수있는 당근마캣 당근좋아요 덕분에 좋은 거래하게 되었네요  당근마캣 최고입니다 감사드립니다 
175,타지역거래가 활성화 되어서 택배나 화물에 더 이바지 했으면 좋겠네요  아니면 당근택배라는 걸 만들어서 안전배송이 되었으면 좋겠네요 
176,안쓰는물건판매하니너무조아요 필요한물건도아주말도안되는값에구매하니좋구요당근이최곱니다코로나시기에당근땜에신나고당근땜에삽니다
177,휴대폰 인증했는데 닉넴은왜 맞추라는지 내가 선택한적도 없는 닉넴을 어케맞추라는지 고객센터문의하라는데 그정도의 수고스러움을 감수하고 사용할정도는 아니네요
178,제가 잘 쓰지 않았던 제품들 그리고 새 제품인데도 다른 더 좋은 물건이 있어서 파는 제품 미니몰 라이프를 위해서 비유고 또 꼭 필요한걸 사고 할수 있어서 정말 좋았어요
179,일반 개인판매글 사진을 확태해서 보면 정상인데 업체 홍보글들은 확대해서 보면 뭔가 부자연 스럽고 렉이 생기는거 같습니다 
180,와 가까운곳에서 가까운 거래르을  직거래를 오늘 처음해봤는데 너무 신났어요ㅋㅋㅋㅋ직거래라 사기는 안할꺼같아 기분이 좋습니당 
181,당근마켓 처음 사용해보는데 정말 신기한 경험이네요  저한테 필요없는 물건이 다른 분께 필요한 물건으로 사용된다니 참 뿌듯합니다  
182,제품들도 좋고 중나 를 오래사용했었는데 당근은 매너들도 좋고 정말 필요한제품 구하고 나눌수 있어서 넘 좋아요 
183,걍 우리동네 뭐 올라오는지만 봐도 재밌음  앱 만든 퀄도 너무 좋음  물건 제목 쓰면 알아서 카테고리 자동으로 딱 띄워주는데 눈물이 펑펑
184,간단해서좋으나 불만생기거나 고객센터 접수등 굉장히 진행이 느리며 확실하게 처리를 안해줌 그게 보완해야할점
185,동네 주민간 신뢰를 바탕으로 서로 필요한 물건을 거래하니 서로에게 좋네요  이용해 먹고 사기치는 사람이 없기를 바랍니다 
186,어느분이 만드신건지  처음 경험했는데 너무 즐겁습니다  필요한 물건구하고  필요없어진 물건 보내고  좋은분도 만나고  행복하십쇼 
187,진짜 정말 좋아요 평생 추천하는 앱이에요 저는 사용하면서 렉이 걸려본 적도 없고 그냥 모든 거에 만족해요 대신 정렬할 수 있는 그런 것이 있었음해요 당근   아주 만족해요
188,자주쓰는 문구가 삭제되었고 재등록이 안됩니다 얼마전에 고객센터에 문의했었는데 해결이 안됐어요
189,정말 유용하고 편리하게 잘쓰고 있습니다  다크모드 추가해주신다면 더할나위 없을것 같습니다  어두운데서 너무 눈아파요 
190,옛날에는 잘됐는데 제가 모르고 당근을 삭제을 했는데 몆달후에 다시 깔려니깐 인증번호를 해달래요 근데 인증번호는 계속 안오고 그 점 고쳐주세요
191,당근이라는 플랫폼은 나쁘지 않다  근데 앱은 진짜 쓰레기같이 만들었다  툭하면 접속불량에 오류가 떠서 이용하기가 어렵다
192,가입했는데 처음부터 이용 제한 당하는건 뭐죠 ㅋㅋㅋㅋ 저 미성년자도 아닌데  ㅋㅋㅋㅋㅋ 이 점 고쳐주세요 못 써먹겠네요
193,왜냥 지우냐 전화 콜 할때 신호는 가는데 창이 안뜨던지  전화 받았는데 워치로 받아지고 전화 걸어도 소리만나고 상대 전화 안될때도 있네요
194,별  개가 없는게 아쉽네여 게시글 미노출 알고리즘이 완전 안좋습니다 확인도 안하고 판매자에게 알려주지도 않고 그냥 악의적으로 보는사람이 신고만 하면 미노출로 바뀌어 버립니다 판매자는 모르고 계속 올리고요 최소한 판매자가 미노출을 인지는 해야 하는데 무슨 생각으로 만든건지 모르겠네요
195,만족하며 쓰고있습니다 다만 리뷰 권장 배너가 버그로 내용없이 창이 떴다가 지우고 다시 까니 보이네요 참고하세요
196,키워드 알림을 많이 해두면 헷갈립니다  각 키워드별로 모아서 보는 기능 혹은 키워드별 폴더 기능이 있으면 좋겠어요 
197,번호입력해서 인증번호 받고 위치를 고르면 인증할수없는환경이라뜨네요 다시깔고 들어가도 계속 반복되기만해요 휴대폰 말고 탭으로 하는건 안되는건가요 
198,화면 다크모드 설정이 없어서 새벽에 눈부셔서 보기가 힘듦  기본적으로 흰 배경이 많아서 눈뽕 심함
199,챗팅 알람이 왜 자꾸 안 오는 겁니까  이것 땜에 거래 망쳤습니다  업데이트 매번 하면 뭐하나요 사람 난처하게 만들기나 하고
200,재가입이안되요 일주일지났는데 언제재가입가능한지요 게시글미노출로 월 일저녁 시탈퇴했어요 재가입하면 노출가능한지요 전문판매하는사람도아닌데 신고로인한 미노출은 불합리합니다
201,채팅방 나가기 할때 글씨가 너무 작게 나오네요  캡쳐 했는데 보낼수가 없어 여기다 씁니다  당근 잘 쓰고 있어요
202,아니 골때리네 당근첫거래후 매너온도가  이 넘어었는데 답변온게 고작 전문판매같다는 신고받고 온도를 계속깍아내리네 판매자입장은 생각도 안해주고ㅋㅋ 신고만하면 검토  도없이 점수 깍아내리네ㅋㅋ 졸라 얼탱이없네 거래보소 내 프로필 재거래희망률 다 작작해라 당근이용자많아지니 눈에비는게없고 관리가 허술해지나  사기친것들도 탈퇴하면 못잡는게 뭔 거래 어플이고 탈퇴하면 흔적도없이 조사조차 안하는것들이 증거자료 스샷해서 첨부 보낼수도없게 신고하라고 글만쳐적어서보내면 탐정이냐 니들이 그걸 다잡아내게  개선이라곤 지들 노력도 아니고 오르지 회 전체 리뷰
203,아니 당근마켓 전에는 잘 사용 했는데 어플 다시 깔고 당근 마켓 이용 할려니  년  월 일 까지 이용 제한이라고 뜨네요 정말 답답 하네요
204,새상품을 주로 샀는데 중고상품도 거의새상품또 저렴해서 좋아요 친구도 사귈수 있어서 넘좋네요
205,다좋은데 신고칸에 무리한 요구제한도 넣어주세요 자꾸 거지처럼 이것도 달라 저것도 달라 자기가 누군지 아냐면서 오늘 싸울뻔했네요
206,당근 정말 좋아요  필요없는 물건 정리도 되고 버릴것 소소하게 용돈벌이도 되고요   
207,서민들에게 정말 필요하고  물건을 사고 내다팔수있어서 좋은직거래입니다  가정경제에 도움이 되요  개발하신분 최고  감사드립니다 
208,이유도 안알려주고 갑자기  년정지 몇년째 사용 잘해왔고 비매너 받은적도 없는데 어이없네요 메일보내도 읽었으면서 답변도 앖고
209,업데이트하고나서 글읽기 검색이 기존창에서 새창띄우기느낌으로바뀌면서 글읽기 검색 다 느려진느낌입니다
210,끌어올리기 할 때 남은시간이  분 미만이면 타이머 문자열이 표시가 안되는 오류가 있네요
211,운영자님 질문을 어디에 해야되는지 몰라서 여기에 문의드립니다 몇달전에 제주밤호박  산지직송 이 너무맛있어서 재구매하려고 쳇글을 찾았는데 아무리찾아봐도없네요 오래되서 삭제된건가요  혹시 그업체 번호좀 알수있을까요 청귤청도 파는곳이었는데 저렴하고 맛있어서 또사려구요 혹시 운영진에서 지역업체 연락처알수있을까하고문의드립니다 
212,다른 동네 매물 볼 수만 있고 거래는 사실상 막아둔거 너무 별로임  아예 보지도 못하게 하던가 
213,  혹시 본인을 포함한 가족접수를 하지 않으셨나요  자녀 혹은 가족분의 정보에 휴대폰 번호가 기입되어 있을 가능성이 있습니다  접수실에서 등록된 전화번호를 확인해 주세요    병원 전산에서 접수가  번 되었을 수도 있습니다  마지막 알림톡  대기인원 확인하기 를 통해 대기자수 확인이 가능하다면  정상적으로 접수가 된 것이니 안심하셔도 됩니다    접수실에서 접수할 때 대기자 수가  명 이상인 경우  알림톡을  번 받게 됩니다  최초 접수 때  번  대기자수가  명으로 줄어들었을 때  번  이는 환자분의 진료 차례가 가까워지고 있음을 전체 리뷰
214,사기가 좀 많아서 힘들어요 직거래라도 고장난것도 팔더라구요 그래도 좋은물건도 조금은 있어서 별 개입니다
215,예약중 취소 알림기능 알고는 있지만 현재 의미가 없기에 드린 질문인데 해결이 힘들면 일주일만 더 기다려 봐야겠네요
216,로그인하려고 인증번호입력하니 비정상적인 접근이라 인증이 제한된다는 메시지가 자꾸떠서 로그인이 안되고있어요  폰을재부팅하고 앱을지웠다 다시 깔았는데도 그러네요 왜이런건가요 빨리 복구시켜주세요 답답합니다
217,주소설정도 제대로 안되고 글수정해도 다른 폰으로 보니 적용도 안되있네 고쳐야될게 한 두가지가 아님
218,평소집에 충동구매로 이쁜쓰레기가 참 많았는데 버리자니 아깝고 집에두자니 공간차지하고 마침 당근이 해결해줘서 유용하게 쓰고있습니다
219,이거 개월하는데쓸모없는물건파는게너무좋아요 그런데배송비는쫌비사서지직거래만해야돼는게아쉬워요 
220,오른쪽 하단에있는 글쓰기 버튼 좀 이동할수있도록해주세요 한손으로 스크롤 내리다가 딱 그위치라 자꾸 눌러지네요
221,왜 당근  하고 알람이 안울려요  일반문자소리로와요 키워드알림이 아예안오기도하고 잘됐었는데 어느날부터갑자기그래요
222,갑자기 자주쓰는문구 저장해놓은게 하나도 안뜨고 다시 저장해도 안떠요  왜이러죠 
223,자주 오류가 발생합니다  때때로 검색하면 네트워크가 끊켰다고 뜹니다 
224,어제 첨 깔고 거래해봤는데 광고노출양도 거의없고 사용도 편리하며 지방사는데도 유저가 많아 빠른거래가 가능했어요 대만족합니다
225,정말 고민을 많이한 인터페이스 입니다 편하고 좋아요 다만 대화 알림오고 당근 들어가면 대화창에 알림온 대화가 없어요 그것만 수정해 주세요
226,처음 직거래할때 뭔가 설레고 두려운데 좋은 사람들 많나서 좋아요  근데 비매너를 마음대로 누르는 분들이 좀 걸리네요 
227,게임에 광고를 넣었으면 끄는 기능도 있어야지  무조건 다운받게 하는거냐  거지근성이냐 
228,저 예전에 말했던 존인데 계정이 아예 안들어가지고 인증번호 입력하면  년에 풀린다고 하는데 병원일때문에 못간거에요 제발 풀어주심안됄까요 
229,거래할때 좋은 분들이 많습니다 다만 중고나라 에서 사기치던 애들이 조금씩 보이더군요 가격 시세 모르는것도 아니고 알면서 눈탱이 칠려는 애들도 조금 보이고요 관리 하세요
230,너무 잘 사고있어요  근데 제가 올린거는 추천 에 잘 안뜨더라구요 아무튼 잘 사용하고있습니다 
231,찾는물건 검색이안되여 어떻게해야되나요  자꾸로딩표시만나오구 그다음화면으로안넘어가요 
232,사용하기 편하고 실생활에 도움됩니다 다만 너무 근처만 채팅이 가능케하여 범위가 조금 더 넓었으면 합니다
233,아이는 금방금방 커서 새물건 사는게 부담스러운데  당근마켓에서 저렴하게 사서 잘 쓰네요
234,가까운 동네만 나오니깐 구하고 싶은걸 찾을수없어요 판매자분의 이름을쳐도 가까운동네만 나오는거라 살수도없으니 가까운곳이 아니여도 찾을수 있으면  점은 될꺼같네요  앱사용은 좋은데 먼곳도 되면 더좋을꺼 같아요 
235,참 좋은데 지역을 더 넓힐수 있으면 좋겠고 광고시작일시를 정할수 있으면 좋겠어요 
236,아니 앱에는 진챷ㅊ 문제가 없거든요  근데 여기 사람들 다 이상해요 직거래 약속하면 약속당일날 거래취소를 해버린다거나  더 심하면 약속장소까지 나왔는데 다왔다고 거짓말 치면서 역으로 차단하는 사람들이 너무너무너무  많아요 진짜 이런 사람들 다 거르고 싶은데 너무 속상해요 진짜 그냥 잼민이들 개많은듯 
237,가까운 동네 위주의 신속 정확한 무료나눔 및 물물교환에 쓰기에 수월합니다 
238,정확한 물품설명과 찾기쉽게 위치공유도 맘에 들었고 첫거래인데 너무 만족합니다
239,집에 안쓰는 물건 팔수 있어서 좋구요 필요한 물건 싸게 구입할수 있어서 정알 유용합니다 
240,광고댓글 내용없는글 비난글 백번 천번 신고해도 절대 삭제안함  글 삭제도 안할거면 뭣하러 신고기능 만들어서 뻘짓거리하니 
241,만족스럽게 사용하고 있는데 집하고 조금 더 떨어진곳과의 거래도 가능했으면 좋겠어요 
242,제가 올린 상품 검색 안되는 오류   문의해서 고쳐주곤 했는데 이 오류가 아직도 있네요   년도 더 된 오류인데 아직도 고쳐지지가 않네요  매번  문의 남기기도 너무 번거롭고 불편합니다  그리고 검색 시스템이 이상합니다  예를 들어  삼성 물걸레 청소기  라고 물건을 올리면  삼성 청소기  검색시  삼성 물걸레 청소기 라고 올린 상품은 검색이 안됩니다 똑같이 검색하거나 이어지는 단어가 같아야지 검색이 돼요  이것도 꽤 오래된 문제인데 당근마켓은 문제 개선이 잘 안되는것 같아요  이것좀 고쳐주세요 
243,중고 거래가 너무 활발하고 판매하시는분들이 대부분 허위상품이 없는것 같아서 좋아요
244,너무 잘 사용하고 있는데 저는 전 버전이 더 좋다고 생각하는 사람이라  전 버전으로 바꿀 수 있는 방법 없나요  지금 버전은 검색 기록이 한정 되어있어서 불편해요 
245,대단한당근마켓이네요 정지시켜놓고 왜 안풀어주나요 잘못없이 저도 당근에서비매너평가해서 장사꾼이나 비매너줘서 다 정지시켜야되겠네요 재미있을것같네요 잘못없이 정지시키고 대단한당근마켓이네요 무서워서 당근하겠어요 ㅎㅎ
246,갑자기 사진이 잘 안보여요 다음장으로 넘기면 로딩이 무척 길거나 검은화면만 떠요
247,좋고 편리하네요  저희 동네가 잘 없어서 뭘 살수가 없는데요  그래도 그것만 빼면 다 좋아요  직거래도 편하고 좋아요 
248,버리기 아까운 물건들 모두모두 나누어 쓸수있으면 해서 이렇게 인사 드립니다 서로서로 믿고 좋은물건 함게 공유해요
249,카테고리도 너무 광범위하고 판매자는 채팅도 읽지를 않고 채팅가능시간을 설정해놓던가 답답해서 이용못하겠네
250,당근마켓이 좋아요 안 쓰는거 나눌 수 있고 필요한거 살 수 있고 참 유익합니다
251,저가 동네그거 하고 가입 하려하는데 전화번호하고 인증번호 받을려고 인증번호 받기 누르고 기다렸는데 인증번호 는 않오고 계속 하루에  회 가능합니다 라고뜨는데 어떻게해요 제발 답장하주세요 
252,저에게는 사용성이 적어져서 당근마켓에 등록하자 마자 바로 문의 구매가 이루어져 정말 기분이 좋아요
253,필요한 물건을 가까운 곳에서 이웃의 얼굴보며 거래할 수 있어서 참 좋습니다 
254,검색란에 검색기록이 저장됬었는데 언제부턴가 매번 새로 작성해야 하는데 모가 바뀐건가요 
255,자주쓰는 문구 저장 안되는거 업뎃에 적용 안되었네요 어떤게 개선이 되었다는건지 모르겠네요
256,주변지역밖에 거래되지않는시스템땨문에 꼭사야하는 매물을 구매할수가없네요 차라리 번장이나아요
257,비매너  사기  업자에 대한 관리가 잘 안되는거같아요 구매하시는 분들보다 나눔받으러 오는사람 비매너가 훨씬 높아서 나눔 못해먹겠네요 비매신고 패널티 크게 증가시켜주세요
258, 점도 주기 아까운 앱  애매한 사기꾼이나 상식 이하의 사람들이 드글대는 곳  거래 한번 하려다가 또라이와 입씨름 하느라 별 일을 다 겪은 곳  신고해도 전혀 처리할 기색도 없고 의지도 능력도 없는 것 같네요  주위에 물어봐도  이상은 어이없는 경험했다는 피드백 벽돌 받거나  또라이에게 걸리거나 들었는데  조심하시길  당근 소리만 들어도 악몽꿀만큼 정신적 스트레스 받아서  돈 뜯겼지만 얼른 도망갈 생각입니다 
259,검색필터에서 새상품만 따로 검색할 수 있게 해주셨으면 좋겠어요 
260,최근들어 거래잘되어가는데도 자꾸 매너온도가 왜 계속 떨어지는지 답변해주세요 올초이후로 상호간 다잘된 거래가 에러 인줄알앗는데 도무지 매너온도가 반영도 안됩니다
261,처음에는 거래하는데 시간이 조금 걸리지만 점차 나아지고  앱자체가 이용하기쉽고 만족합니다
262,입문입니다  재밌네요ㅎㅎ 몰라도 사는데 전혀 문제없지만 알고나니 재미가 쏠쏠  합니다 
263,차단해도 상대방한테 메세지 계속 전화도 오네요  그럴거면 차단기능이 왜 있나요 
264,관리자님  검색기능에서 에전에 검색했던 히스토리가 전에는 있었는데 언제부턴가 사라졌습니다 당근 열때마다 검색어 입력 하는게 너무 번거로워 졌습니다 저만그런가요  좀 고쳐주시면 더좋은 당근이 될것 같습니다
265,좋은물건 직거래로 살수있어서 아주 좋습니다  벌써 두번이나 거래했네요 
266,비매너 평가는 왜 본인한테만 보이나요 전부한테 다 보여야 되는거 아닌가요  비매너 유저 신고해도 별거없고 
267,처음입니다여러선배님들잘부탁드립니다자동차에대한모든것과중고내비게이션도있어요
268,검색어 자동완성기능이 사라진건가요  매우불편해요 제가 검색했던 기록이 안뜨네요
269,거래상품을 볼때 높은가격순 혹은 낮은가격순으로 볼 수 있는 선택적기능이 있었으면 좋겠어요  더 나아가 다른옵션들도 있었으면 좋겠어요  예를들어 기기같은 경우는 얼마나 사용했는지에 따라 정렬이라던지 등등  그리고 당근챗알림 아이콘이랑 키워드알림 아이콘 디자인이 구별되면 좋겠습니다 
270,이런 나늠이 절실한 분들이 많을거라는 생각입니다  부담없이 선택할 수 있는 마켓 강추합니다 
271,채팅이와서누르니 내용은 안 나오고 계속 가운데 원만 돌아가는데 어떻게해결해야 하나요 
272,번개장터는 매너없는 사람이 너무 많았는데 당근마켓은 물건도 금방 팔리고 매너도 좋네요 
273,상대 거래자의 문제로 신고를 넣어도 당근마켓에선 답장 조차 없고 대처가 너무 심하게 부족하네요
274,이번에 당근마켓 동네알바 업데이트 된거 진짜 좋은 것 같애요 다른 앱에서 동네알바 찾기도 하고 당근마켓에서도 알바 쉽게 찾을 수 있어서 편합니다
275,완벽해요  지난에 우산이 없었는데 당근으로 해결했어요 이걸만든시분 저말 칭찬 드려요
276,굿굿굿  필요 없지만 버리기 아까운 물건들 중고거래하기가 엄청 편하고 안전해요 
277,필요한 물건을 저렴하게 살수있고 필요한 분에게 저렴하게 팔수있어서 좋은거같아요
278,잘 쓰고 있고 좋아요  다만 한가지 기능이 생기면 참 좋겠는게 관심 목록에 추가한 물품들을 분류별로 스스로 만들어 나눠 볼 수 있게 만들어주시면 참 좋을것 같아요  예를 들자면 신발류  가전류  도서류 이런식으로요  여러가지 담아놓고 같은 종류 물건 비교해 보려하면 여러번 왔다갔다해야되는 번거로움이 있어서요 
279,사진을 찍어서 올릴려고하는데 사진 찍는게 어디에 있는지 잘 안보여요 조금 크게 만들어 주시면 감사하겠습니다 
280,채팅 반응이 느려요  메세지왔다고 누르면 온게 없구 몇분뒤에야 겨우 확인할수있어요
281,필요한물건은 싸게 사니 좋고 안쓰고 쟁여둔 물건 제주인만나니 더 좋고 완전 사랑입니다 
282,편하고 좋은데 은근 상대방이 거래도중 잠수를 타네요  잠수시 불이익 주는 무언가가 있으면 좋겠어요  무나한다고도 올렸는데 연락주신분  분이 다 잠수타서 의욕 잃고 그냥 글 내렸어요   사람들 이제 거래파기하면서 죄송하다는 말도 안허네요ㅋㅋㅋ 이럴거면 그냥 앱 지우는게 낫겠어요
283,최근 검색어 예전으로 돌려놔라  밥값좀 하고 살아라  오늘부턴 쌀밥 먹지말고 보리밥먹구 일해라 이것들아 
284,당근마켓은 좋은데 며칠동안 안들어갔다고 매너온도 깍는거 짜증나네요 
285,에잇 리뷰 수정하려다가 삭제되었네  얼마전 갑자기  네트워크 오류  라는 메세지가 뜨면서 어떤 메뉴도 안들어가지는 에러 발생   네트워크 문제는 전혀 없었음  삭제 후 재설치 했는데  이틀 후 이번에는 그냥 아무 메세지 없이 들어가면 흰 바탕 화면만 뜨고 먹통  걍 불안정 한 듯  고객센터에 글 남겨달라는데  뭐가 보여야 남길  추가  역시  복붙  이러면 있던 호감도 깎이는 거 모르는   초보
286,진짜 너무 좋아요  근데 흠이라면 채팅할때 타자칠때는 화면이 밑으로 안되있고 위에있다는거  이거 말곤 진짜 다좋아요  한번 검토해서 고쳐보는것도 좋을거같아요
287,앱은 괜찮은데 악의적인 반복게시물 신고는 못가려내나요  이용층 정신상태가 만만치 않은거같아 몇개 팔고 그냥 중나나 쓰는게 나을거같다고 느끼네요
288,근데 이주가 넘었는데도 온도가 안올라요  사고팔고 좋은평가도 많이 받았는데 
289,정말 트래픽에 감탄하게 되네요  빔프로젝터 거치대를 나눔한다고 올렸는데  분도 안되서 세 분이 연락을 주셨어요  어떻게 보면 되게 생소한 아이템인데 좁은 지역 범위에서 이게 매칭이 되다니  당근이 지향하는게 뭔지 알것만같네요
290,잘사용하고 있었는데 며칠전부터 갑자기 앱접속하면 리스트는 나오는데 이미지파일이 나오질않고 검색창으로 들어가면 무한로딩 입니다  삭제하고 다시 설치해도 마찬가지고 왜그런가요  타 어플은 이상없이 잘되는데 
291,집에 묵혀서 결국엔 안쓸 물건이 넘들에게 도움이 되니 넘나 좋은 플랫폼이네요
292,최근 검색어 보여지는 갯수좀 늘려주세요  개 밖에 안되는거 불편해졌어요
293,안녕하세요 내 동네 설정만 되는 게 당근의 장점일 수 있지만요 시골 동네나 그런 쪽 살면 거래가 한정적이어서 안정적이긴 하나 조금 그래요 범위가 어느 정도는 넓혀졌으면 하네요 그리고 동네 알바 들어가서 보면 밑에 우리 동네 알바 뜨면서 다른 지역들도 구경할 수 있게 나오더라고요 근데 얼마 구경도 하지도 않았는데 화면이 버벅 거리고 렉 걸려요 다시 뒤로 가서 다시 검색해서 누르면 또 렉 걸려서 편하게 볼 수가 없네요  이 점 빼면 만족합니다 개선 부탁드려요 
294,좋은사람 좋은 물건은 많아서 좋은데 접속오류가 자주나서 짜증납니다
295,필요한걸 저렴하게 구입할수있어 좋아요  동네라 거리도 가깝고 편하네요 
296,어이없이 정지 시키고요 사기 당했는데도 조치를 제대로 안해주네요
297,채팅 알람이 안오는 버그가 있는 것 같아요  당근마켓을 홈 버튼으로 내려놓은 채로 다른 앱을 하고 있었는데 채팅 알람이 안왔었네요   덕분에 욕 뒤지게 처먹었어요  평소엔 잘쓰고 있었으니까 양심상  점은 안할게요 
298,최근물품올린거 볼수있는 시스템 또는 가격순설정 같은게 있으면 더좋을꺼 같습니다 
299,다 좋은데요 관심있는 매물 검색했는데 매물탐험 뱃지 안주네요 오륜가요
300,어린이 이용자에게 유의사항 전달을 바랍니다  기본 비매너 지각  거래약속 후 잠수 등 는 둘째치고  거래장소를 본인 집 바로 앞을 고수하는 것은 혹시나 이상한 어른들에게 자신의 위치를 제공할 수 있다는 위험성에 대해 정확히 고지해주세요  또  살 이하의 어린이는 보호자와 함께 거래하게 해주세요  기본 매너와 어린이 자신의 보호를 위해 꼭 필요하다고 생각합니다 
301,동네인증 쓰레기같은거 만들어두셨네요  일터랑 집이랑 다르니 당연히 회사에서 거래글 올릴려고 인증하면 안되죠  휴대폰 인증까지 다 된 상태에서 도대체 동네인증 이딴건 왜 만들어 뒀는지 이해불가  최악의 앱
302,쓰지 않고 보관 만해서 공간 부족이였는데 판매도하고 무료나눔도 할수있어서 좋 아요
303,너무 편리해서좋아요  물건의 검색에 치면 다나와요 당근마켓 최고 
304,기대반으로거래를했는데 역시실망없이 좋은아이템받아서요열심히 당근에 매진해봐야겠어요
305,사용안하는 물건 판매하고 필요한 물건 나눔받아 고맢게 활용합니다 감사합니다  
306,최근에 잘 안 찾다가 오늘 들어가봤는데 로그아웃 되어 있더라구요  그래서 다시 로그인 하려고 인증문자를 받았는데  년  월  일까지 이용제한이 되었다고 하면서 로그인이 안되던데 왜 이용제한이 된거죠  신고를 당한적도 없고 따로 연락도 오지 않았거든요 빠른 시일내에 해결 바랍니다 
307,잘 쓰고 있습니다  다만 검색해서 물품들 보다가 위치 변경해야되면 다시 뒤로 나가서 위치 바꾸고 다시 검색해야되는게 번거롭습니다   동네에 올라온 물품을 보다가 바로  동네로 위치 변경할 수 있게 창 순서를 바꿔주시면 보다 편할 것 같습니다  현재  위치설정 물품검색 요청  물품검색 위치설정
308,다른건 다 좋은데 구매자와 채팅을 하면서 사진을 보낼경우에 계좌등이 노출되는 스샷이 첨부된 사진을 보낼때 보내고 나서 삭제가 안된느 경우가 있네요 이런경우 급하게 삭제할 필요가 있을것 같은데 이런 점을 개선했으면 좋겠습니다
309,가입과 탈퇴에 적절한 규칙이 필요할듯 싶어요 개인적인 경험이지만 비매너 분들 엄청나요   특히 드림이든 판매든   구매든 약속 펑크내고 탈퇴  그냥 패스하겠다 예약취소 하겠다는 말이 어려운 걸까요  약속 펑크내시는 분들은 죄다 탈퇴하셨네요 ㅋㅋㅋ 비매너 평가라도 하고싶지만 탈퇴한후라 뭘 어쩔 도리가 없네요 좋은 마음으로 시작한 드림인데 맘이 상할때가 한두번이 아닙니다 탈퇴와 재가입이 제한이 없으니 그런거아닐까요  탈퇴하면 재가입을 한달뒤 두달뒤 이런식으로 제한을 뒀으면 합니다 아니면 탈퇴를 즉시탈퇴가 아니고 탈퇴 후 비매너를  전체 리뷰
310,판매글 조회수를 한 사람당  회인 건 아는데 봤다가 다시 들어갈 때 조회수가 안늘거든요  혹시 다시 들어갈 때도  회씩 늘게 하면 안되나요 
311,당근마켓 잘 쓰고 있습니다ㅎㅎ  근데 한가지 아쉬운 점이 있어요  핸드폰에서 당근을 쓰다가 핸드폰으로는 들어갈 수 없는 상황이어서  로 접속하려고 했는데   에서는 당근마켓을 사용할 수 없다고 하네요  제가 잘못 안 것일 수 있지만  에서도 당근마켓을 사용할 수 있었으면 좋겠어서 리뷰 올려요 
312,정말 매너온도가 오르고 떨어지는 기준이 정확히 뭔지를 모르겠네요  저는 진상 도 만난적 없고 채팅은 웬만하면  분 내에 꼭 답장해주고 이래도되나 싶을 정도로 극도로 친절하게 응대하고 거래했던 상대방 분들이 좋은 후기도 매번 남겨주고 가시는데  매너온도는 점점 떨어집니다  이제 좀 오른다 싶으면 몇 일 후에 다시 떨어져 있어요  솔직히 온도  도 도 가지고 내 매너의 옳고그름이 결정 된다는게 사실 좀 우습기도  차라리 번개장터처럼 별점제도가 훨씬 보기도 간편하고 어떤 상점인지 판단하기도 좋다고 느껴지네요 
313,한사람 말만 일방적으로 듣고  년 정지를 시키네 새제품 판매해서 사용하고 변심하면 판매하는 사람 입장에서는 어찌 하란 말입니까 대규모로 물건 떼와서 파는것도 아니고 집에 있는 새제품 판매하는건데 사용하고 안된다고 구라치고 변심하면 어느 사람이 인정할 수 있을까요   년 정지를 하더라도 양쪽 입장을 다 듣고 해야 맞는것 아닌지요  무슨 인민재판 합니까 
314,알림소리가 안나서 앱도 지워보고 로그아웃도 해보고 당근마켓이 하라는대로 해도 안되서 답답해서 문의하려고 하는데 연결도 안되고  앱은 좋은데 알림소리가 나지않으니 그만 써야하나 싶습니다 도와주세요 
315,  최애 고객입니다  근데 몇달전 스미싱피해로 개인정보가 누출되었는데  그놈이 당근에접속해서 먼짓을 했는지  접속 시 불량고객으로 이용정지된 고객이라고 접속불가하다고 합니다  이용정지 풀어주셨으면 합니다  감사합니다 
316,당근마켓 잘쓰고있어요  아쉬운게 하트 누른 관심제품을 지역별로 볼수 있거나 아니면 카테고리를 개인적으로 설정할 수 있게 해줬으면 좋겠어요  지하철을 타고 역에서 거래하는경우 한꺼번에 같은지역분들을 만날 수있게 따로 구별해놓고 싶어요  하트를 누르고 바로 구매하려는 제품도 있지만 가격다운을 기다리는 경우도 있으니까 그걸 따로 분류하면 편리할것같아요
317,고객센터 없는 앱은 영업못하게 법이 바뀌어야 됩니다  전문판매자관련 문의를 하는데 계속 물어보는거 답변은 안하고 전문판매자 링크만 달고 고객을 우롱  농락하더군요  교육을 받지 않은 수준의 고객응대는 고객을 무시하는 처사입니다  문의 내용에 대해 제대로된 답변없이 동문서답으로 대응을 합니까  그리고 전문판매자 관련 임의판단으로 인한 불공정행위와 개인정보보호관련 위반여부에 대해 계속 금융감독원과 소비자보호원에 민원 넣고있으니 문닫기 싫으면 우선 자체적으로 개선하십시요   답변후 추가내용 고객센터에다 계속 문의해도 모르쇠하다 하루지나  전체 리뷰
318,와 중고 거래 앱이라니  가끔 좀 나쁜 유저 들고 잇지만 너무 좋아요   여기 거희 다 잇어요  진짜 퀄   이런 압을 어케 몰랏을 까 진짜 추천 하네요  
319,좋긴한데 어제부터 채팅할려고 하면 서비스 이용이 제한되어 이기능을 사용할수 없다고 뜨고 있는데 혹시 이거 왜이런지 알수있을까요  제가 오랜만에 들어가서 그런가요 
320,요새 당근이 유명해져서 그런지 비매너 사용자가 상당히 많아 졌네요  비매너 사용자로 인해 사적 연락은 안한다 다른 장소에서 거래 안한다 가격제안 안받고 바로 차단한다 라고 써놨더니 갑자기 연락와서 말투가 쎄다는 둥 장황한 설명을 보니 사기꾼 이라는 둥 연락이 종종 옵니다  특히 매너 온도가  의 사람들이 그래요  신고도 몇번 했지만 그 인간들이 신고를 제대로 받았는지 아닌지도 알 수 없고  처음 시작 하는 분들 당근만의 거래매너 튜토리얼을 클리어 해야 할 수 있는 제재를 만들거나 거래매너 온도가 아직 낮은 분들께는 거 전체 리뷰
321,저번에도 아무이유없이정지를 거의  달정도먹어는데  주일도안되서  일간 정지를 먹었습니다 왜정지가계속 먹어지죠  비하나욕설 등 안했는데 너무 억울합니다 제발정지좀 풀리게 해주세요 매너온도 너무 떨어져네요 
322,무료드림 했을때 가지러 오기로 한 사람들 정말 너무할 정도로 약속 안지키고 심합니다 이런 거 개선 가능한 방법들이 마련됐으면 좋겠습니다 날짜를 갑자기 미루는 건 기본이고 가지러 온다고 해놓고 안오면서 채팅을 읽씹합니다  좋은 마음으로 필요한 사람에게 도움주려고 하는 무료드림이 너무 짜증나는 일이 됐습니다 돈 안내도 되니 부담이 적어서 그런 건 알지만 약속은 지켜야죠 선의로 선뜻 공짜로 주겠다는 사람은 뭐가 됩니까  이런 행동들 시스템적으로 제재할 수 있으면 좋겠습니다  페널티를 준다던지요 돈 내는 건      이지 전체 리뷰
323,다 좋은데 알림이  개가 왔다고 뜨더라구요  분명 들어갔을땐  개도 안온거같던데  하루만 확인안해도  개는 기본으로 쌓이고 실제로 앱에 들어가면 알림이나 채팅은 총합해서  개에서  개 사이입니다   계속 확인하기도 뭐하고  제폰이 이상한거일수도 있지만 폰바꾸기 전부터 그랬거든요 한번 확인해주세요
324,좋아요  근데 사기 위험 이 있다는게 사기에 대한 보안을 좀더 강화해주시면 좋을것 같아요
325,우연한 기회에 당근을 접하게 되었으나 너무 낮설어서 몇차례 지나쳐 버리다가 리스크를 감수하고 한번 들어 가 봤습니다 그런데 이게 그냥 여타 프랫폼이 아니구나 하는 것을 느끼게 되었습니다 너무도 재미 있고 잘 하면 용돈도 벌고 또 평상시 범 국민 운동으로 펼치고 싶었던 나의 웅지를 펼칠 수 있겠구나 하는 것을 요 또 내가 평상시 만들고 싶었던 프래폼이 이런 것 이구나 하는 것을 요 주의 사항도 읽히면서 런칭도 해 보고 동네창에 댓글도 올려 보고 한참 재미를 느끼던 참에 실망과 좌절을 느끼고 몇 번이고 탈퇴를 결심 했었습니다만  그러 전체 리뷰
326,당근마켓을 통한 첫 거래 및 구매 후 후기를 남겨 봅니다  우선 보기 편하고 사용 및 활용하기 편안한 플랫폼을 갖추고 있어 누구나 손 쉽게 이용할 수 있는 어플이라 생각이 듭니다  판매자와 구매자 사이에서 오해의 소지 없이 원하는 물품을 구할 수 있고  또한 필요성이 떨어진 물품을 필요로하는분께 양도할 수 있는 아이디어와 스마트제품의 산실이 당근마켓이라고 생각이 듭니다  앞으로도 많은 분들의 이용으로 좋은 입지쌓으시고 대한민국  등 어플로 더더욱 성장 해 나아가시길 바랍니다  좋은 어플 사용할 수 있게 해 주셔서 고맙습니다 전체 리뷰
327,당근마켓에서 여러 물품을 구매해서 잘 사용하고 있습니다 하지만 판매를 하면서 구매를 약속한 사용자가 거래장소에 나타나지 않는 일이 발생하였습니다 이런 경우는 사용자의 문제라 어쩔 수 없는 문제라는 것을 알지만 문제는 그런 사용자가 탈퇴를 하여 약속을 지키지 않는 적이 있는다는 사실을 숨길 수가 있다는 점입니다 당근마켓에 좋은 분들이 많으신 것은 알지만 몇몇 사용자의 이기적인 행위를 막기 위해서 다음과 같은 개선을 요구합니다 거래 약속이 있는 경우 그 거래가 완료되기 전까지 거래를 실제로 마무리 한 뒤 앱으로  거래완료 라는 버튼 기 전체 리뷰
328,저번엔 인증번호  로그인하기 전에 인증하는게 있는데 몇일 전에해도 연락이 안와서 오늘 다시 깔아서 했는데도 인증번호가 안뜹니다  급한데 빨리좀 해주세요 밤이든 낮이든 다 안됩니다
329,지역이 너무 제한적이라서 불편해요  좀 더 지역을 넓게 보고싶고 너무 멀어 구매 하거나 찜 할수 없는 게시글이 계속 뜨는 것도 불편하네요    택배 거래도 많은데 이 점들만 어떻게 고쳐주신다면 너무 좋을것 같네요   항상 잘 쓰고 있습니다  감사합니다  
330,잘사용하고 있는데 알바확인하는 게시판을 따로 만들어주셨으면해요  매번 찾기가 번거롭네요 
331,좋아요 조금씩 렉이 걸리네요 그건만 고쳐주시면 좋을것같네요 
332,아무것도 한것도 없고 불법적으로 물건 사고 팔지도 않았는데 왜 정지인지 잘 모르겠어요 깔아놓고 사용도 안했는데 정지먹어서 당근 이용하지도 못해요   년 월 일까지 정지라네요  개선 부탁드려요 
333,판매자에 대한 배려가 전혀 없음 네고 안 받아줬다고 비매너 먹으면 그대로 정지 당해야 함
334,너무 좋은 어플 잘쓰고있어요 알뜰하게 살수있게 도와주는거같아요  제 생각인데 타지역 전국  물건들두 볼수있었으면 좋겠어요 때에 따라선 타지에 갈 일두 있구 필요한 물건이 사는동네 말고 타 도시에 있다면 감안하고 사러 갈수도 있잖아요 ㅎㅎ 전국 검색이나 지역별 검색 이런것두 고려해 보시구 추가해주시면 정말 좋을거같아요 감사합니다
335,지인이 허락없이 저의 폰으로 다른번호를 인증하다가 비정상적인 시도라는 이유로 막혔습니다  제 번호로 로그인하고자하며 다시는 이런일이 없도록 하고자 합니다  풀어주시면 감사하겠습니다 
336,아주 재미있습니다 사람들도 친절하구요 요즘 달까지 진상 안만나고 잘 거래 했습니다  근데 어떤분이 제게 필요없는 물건을 구하신다 하셔서 원하시는 가격에 팔겠다고 하고  분 가량 기다렸다가 이모티콘 보내려는데 차단이 되어있네요  차단 시스템이 좋은점도 있지만  그로 인해서 거래하는 사람이 기분이 나쁠 수 있습니다  더 기분나빴던 것은 저를 차단한 분땜에 기분이 매우 나쁜데 알림이 울려서 봤더니 활동알림이 와 있더라구요 근데 보니까 계정 기타사유로 신고되어서 정지되었다는거예요 저는 뭐 잘못한것도 없는데 왜 그 신고를 받아드리시는건 전체 리뷰
337,안녕하세요 저는 당근유저입니다 다 좋은데요 왜 딴 지역에서 물건을 구경하고 채팅을 보낼라고 하면 동네인증을 하라고 뜨나요 이 기능이 너무불편합니다   딴 동네것도인증을 안하고 채팅을 보내게 할수있으면 정말 별 개도 안아까운어플인데요 동네인증기능을 삭제해주시고 딴 지역에서도 채팅을 할수있게 제발 바꿔주세요 부탁드립니다 
338,중고물품을 가까운 곳에서 판매하게 되어서 너무 좋아요 
339,최근검색어 그전건 좋아는데 지금은너무 불편해요 수정좀해주세요
340,첫 사용이라 다른부분들은 머 서비스차원 사용불편용도 서람과의 만남의 불편 등등  어떻게 될지는 잘모르겠습니다만 그래도 그냥 이렇게 스마트폰으로 거래하기 좋은 앱이 있어서 좋은 것 같습니다  굿입니당 
341,당근마켓 앱을 잘 사용하고 있는 유저입니다  한 가지 의견이 있어 이렇게 남깁니다  관심품목으로 지정할 때 카테고리 별로 저장할 수 있는 기능이 있으면 좋을 것 같아요  가끔 뒤죽박죽 섞여있는 관심목록을 보면 정리하고 싶어서요  편리한 앱 만들어주셔서 감사합니다 
342,좋은 의도로 시작하셨으나 일부 판매자들 때문에 속쓰린 경우가 있네요  제품에 문제 없다고 하고는 문제 속출  그리곤 나몰라라하는 판매자  톡에 잠수 타면 연락할 방법도 없고  답답함은 구매자 몫이네요 
343,안드로이드   운영체제 갤럭시 폴더 에서 검색 안되는 증상있습니다  빠른 개선 부탁드려요  문의하기도 안됩니다  그냥 검색의경우 로딩바만돌아가고 문의하기의 경우 하얀바탕에서 뜨질 않습니다 
344,도대체 의류를 많은 수량으로 보유하고 있을 경우 왜 전문판매업자가 되는건가요  저한텐 필요없지만 다른사람에겐 필요할 수도 있는 물건을 파는게 당근의 취지 아닌가요  허위로 신고하는 사람들을 제재하세요  악의적으로 전문판매업자라고 신고해버리는 사람이 있을텐데 그런 부분에 대한 제재는 전혀 없네요  아무 잘못없는 사용자를 전문판매업자로 만들어서 게시글 미노출 시켜버리면 활발하게 당근마켓을 이용하는 사람들은 떠날 수밖에 없어요  전문판매업자로 신고하면 직접 당근마켓 측에서 전문판매업자인지 확인 후 처리를 하세요  이미 네이버에 검색을 해 전체 리뷰
345,여러가지로 편리한 점이 많습니다  그러나 과외 클래스 항목에서 특정 과외 업자들이 같은 광고글을 하루에도 수차례 도배하여 소비자가 항목에 맞는 원하는 정보를 찾기 어려울 뿐더러 다른 개인 과외 광고를 하는 사람들의 글이 밑으로 묻히는 일이 있는데 이에 대한 조치가 필요하다고 생각됩니다  비단 과외 클래스 항목만의 문제가 아니라고 생각합니다  특정기간동안 광고글을 쓸 수 있는 횟수를 제한하던지  아니면 애초에 글 쓸 수 있는 횟수를  회 또는  회만 가능하게 하고 중고거래처럼 끌올 기능을 사용하게 하는 것도 괜찮은 방법인 것 같습니다 전체 리뷰
346,비매너짓을 해도  번까지는 아무런 문제가 없는 시스템 이게 정상적인 시스템인가 싶음 사기꾼이 날뛰어도 두번까지는 아무런 문제가 없다는 점에서 인생중에 두번까지는 사기치고 비매너짓은 해봐야지  하는 느낌이 강하게 듭니다  이것이 당근의 이상인가요 
347,ㅋㅋㅋㅋㅋ 처음 깔아서 글 쓰려는데 갑자기   일간 계정 정지  ㅋㅋㅋ 걍 쓰지 말라는 건가뇨  
348,당근마켓 정말 잘 사용하고 있습니다  다만 개선해야 할 부분이 있는데 이걸 어디다 남겨야 할지 몰라 여기에 남깁니다  대화창 블루투스 키보드로 채팅할때 불편합니다  백스페이스 키로 대화 삭제하기라든지 등 여러가지 불편한 사항들이 있습니다 개선 부탁드립니다 
349,안녕하세요 이번에 당근마켓 정지 먹었는데 대체 왜  먹었는지 이해가 안되네요  욕을 한 채팅이 없었는데 갑자기 욕으로 정지 처리되니깐 황당합니다  지금 약속도  개잡혔는데 하  누가 신고하고 어떤 내용으로 신고했는지 알 수 없을까요  그리고 제 정지도 풀기에 합당하다는게 증명되면 제발 풀어주세요 진짜 너무 억울하네요 
350,일방적인 신고로 정지 당해서 기분이 정말 바쁩니다 알람이 안 떠서 메신저 확인못한바람에 사기로 신고당하고 바로 정지시켜 놓고 고객센터 연락해봐도 답이 계속 안오고 처리 기다리다가 화가 나서 바로 앱 삭제했습니다  잘 쓰고 있는데 이번일로 정말 실망스럽네요 
351,터닝메카드 팔고 또뭐팔고 너무이웃을 만나서 힘들었어요 저휴대폰에 랙이 잘 걸려요  진짜 열이 났어요  한지만 그이휴로 랙이 잘 안걸려어요
352,제가 정말 애정하는 어플입니다  우선 당근 마켓이라는 이름과 캐릭터  마케팅이 너무 귀엽고 사기나 이상한 사람들을 잘 걸러줘서 일도 잘하시는듯 해요  그런데  채팅이 와서 답장하면 안읽거나 읽씹하는 사람이 다반수라 의견 내봅니다  대화방을 나가기와 다르게 방 안에 대화 완료 버튼이 있으면 좋을것 같아요  새규칙으로요  버튼을 누르지 않으면 몇분마다 알림이 울린다던지 말이죠   일 이상 읽지 않으면 경고를 주는걸로요 참고해주시면 좋을거 가타용 마지막으로  동네 생활  지도  동네 알바 모두 애용하고 있는데 이번에 생긴 무료 나눔 이벤 전체 리뷰
353,솔직히 다른건 다 좋습니다 시스템이나 이런것들에 대해서는  그런데 비매너 평가는 너무 주관적이다 못해 그냥 싫으면 다 체크하는 용도군요  새벽 늦게 연락해요  답장을 보내도 답이 없어요면 몰라도 불친절해요는 그냥 주관적 입장 아닌가요  제가 아무리 친절하게 하고 해도 불친절해요가 넘쳐납니다 제 지인도 그렇구요  대부분 물건 정보 물어보고 본인 마음에 들지 않아 거래하지 않겠다하면 제일 만만한 불친절해요를 누르죠  물론 실제로 그래서 도움이 될 수도 있습니다  그런데 대부분은 그냥 물건 거래안하거나 싫은 사람한테 비매너 평가를 누 전체 리뷰
354,생각보다 체계가 있어서 좋습니다  직거래가 좋은것 같아요
355,비매너 사용자예요 누르면 그 항목이 안나오네요  불편했던 점을 선택해달라고만 나오고요  신고하기에 다른건 다 나와요  오늘 아침에 연락하고 다짜고짜 돈 깎더니 거래하기로하더니 탈퇴하고 약속장소가서 기다렸는데 오지도 않아서 열받는데 신고도 안되네요 
356,서로 나누면서 도움이 많이됩니다  당근마켓 널리 번창하길바람니다
357,저 정말 이용 잘 하고 있었는데 갑자기 부적합한 이용자라고 하고  계정 기타 사유로  년 정지시키고 진짜 짜증나네요  거래 정지 사유에 드는내용 다 확인했는데 그중에서 하나라도 어긴게 없었고 비매너 평가도 없었습니다  이에 대해서 문의 하니 해결해줄수 없다고 답변 왔고요 이유라도 알아야 하는거 아닌가요  이유도 없이 그냥 신고들어오면 무조건 정지시키고 진짜 가관이네요  언제나 영원한 중고거래앱  등은 없습니다  그  등 이런식으로 제대로 관리 안하시면 분명 내려오실겁니다 
358,다른것은 다 좋은데 왜 자꾸 내 동네 인증이 뜨는지 모르겠어요  분명 처음에 했는데   이것만 고쳐주세요 
359,전에 메일 온대로 비매너란을 확인했는데  없었습니다  재거래율 였고 온도는 도까지 갔었는데 왜 온도는  도일까요  아니 그리고 며칠이 지난지금은 들어가지지도 않습니다  제발 이점 고쳐주세요  다른폰은 잘만되는데 제폰만 그러네요  폰 바꾸기 전에도 이렇진 않았는데 
360,다 좋은데 왜 먼 구  대구 북구  대구 달서구 등등 에 올라온 게시물에는 채팅응 하려면 주소를 변경하고 동네인증을 해야 하는건가요  거주지가 만약 대구 달서구라도 몇 시간동안은 정기약속  학원 등등으로 다른 곳에 있을 수도 있는데 딱 필요한 물건이 글로 올라왔는데 채팅 자체가 불가능하면 너무 손해 아닌가요 
361,요새 너무 이상한 구매자도 많고 쓸데없이 딴지거는 사람도 많아지고 있네요 손도 부딪혀야 소리가 나는데 혼자서 매너 있게 하면 뭐합니까  온도 기준도 명확 하지도 않아 억울하게 온도도 깍이고 해당 허위사실 지울게 아니라 뭔가 체계적인게 생겼음 좋겠네요 
362,너무 실용적인 앱이네요  이상한사람 많을까봐 겁먹고 안했는데 실제거래해보니 좋았습니다 물론 매사에 조심할 필요는 있겠지만 좋은분들도 많다는걸 새삼 느낍니다 
363,어플을 사용하면서 물건을 사고팔고 할 수 있는게 너무 좋은데 제 상품에 관심 하트 버튼을 눌러주신 구매자 혹은 판매자분의 아이디를 모르는게 좀 아쉽네요 그냥 즐겨찾기만 해두고 눈팅 느낌의 찔러보기만 하시는 분들이 계신데 그런 불편함을 방지하고자 상품에 관심 버튼을 눌러주신 분의 아이디를 알면 직접 연락드릴 수 있어서 편하지 않을까 싶네요 추가되었으면 하는 기능입니다 그것 빼곤 너무 만족해요
364,사고 싶은 물건 저렴히 괜찮은 물건들이 많아 좋아요
365,편리하고 좋아요 당근마켓에서 구매 할때마다 우리주변에 좋은분들이 많이 계시구나함을 느끼면서 저에게는 불필요한것일지라도 상태가 좋은것은 저가판매와 무료 나눔을 해야겠다는 생각이 듭니다 당근마켓 번창하시와요
366,다 좋은데 사용자 연령대 보여주는 기능 있으면 좋겠어요 학생분들은 더 싸게주고싶기도하고  가끔 늙으신분들 만나면 정말 반말 시전에 거래하기 싫을때가 많은데 직접만나니 안할수도없고 스트레스 받아서 사용하기 싫어요  매너온도 믿지 마십쇼  상대가  도 였는데  만원을  만원으로 깎고 만나자마자 창문열고 주차자리 봐달라고 반말로 소리치질않나 
367,다크모드 지원 안하나요  몇 년전부터 다크모드 트렌드인데 어렵지도 않은거 너무 안해주시네 
368,안쓰는물건좀 판매하려다 여러문제가 발생하네요  앱 운영이 영 부실하다보니  고객센터 연락할 전화번호도 없고  개인정보 줄줄 새는거 같고  트집 잡는사람들 빈번  스팸  이상한 접근하려는 사람들 약속 어기는건 다반사 이란식이면 이런앱은 사용안하는게 좋습니다 
369,중고거래하기 편하고 좋아요 좋은데 어떤것을 키워드로 알림설정을 해두면    아이폰   알림이 오는데 딴 사람이 같은 게시물을 지속적으로 삭제 후 재등록을 해서 알림을 여러번 울리게 해요  이게 빨리 팔려고 그러는듯한데 키워드 알림 설정해둔 사람한테는 엄청 피해가 되요 제가 이 신고항목을 지속적으로 요청봣지만 좀처럼 생길기미가 보이지도 않네요 뭐 키워드를 삭제하면된다고 하는분도 계신데 그러면 다른상품이 필요할때 검색하지않는이상 알수가없잖아요  제가 원하는 것을 위해 많은 희생은 필요없다고 봅니다  이것을 좀 제제를 해주시던 해 전체 리뷰
370,지역 거리 한정은 좋지 않다고 생각합니다 갖고싶은게 있어도 못 사고 특히나 저는 시골에 살아서 지역 범위를 넓혀도 달라지는건 없었습니다 특히나 도시에 인구가 몰려있어 시골은 아무리 지역을 넓힌다 해도 가까운 도시가 없으면 거래 자체가 불가능 할 것입니다 지역 범위를 전국으로 넓혀 주세요 안전하고 빠른거래도 좋지만 안전하고 빠른 거래 못 해보고 앱을 지우는 사람들도 많다는걸 생각해줬으면합니다 저는 비록 거래 한번 못 해보고 앱을 지우지만 언젠간 다시와서 확인해보겠습니다 제발 지역범위를 전국으로 넓혀주세요
371, 당근마켓에 감사드립니다    쓰레기가 다른 사람에게 유용한 상품이 되니 참 좋은 시스템이라 생각되어 국가적으로나 환경적으로 기여가 되니 감사합니다   내 스타일이 아닌데 좋은 거라 버리긴 아까운데 누가 가치를 알아주고 소화시켜 주니 너무 감사합니다   중고나라와는 달리 직거래하니 사기 당하지 않아 감사합니다   필요한 물품을 싸게 살 수 있어 너무 감사합니다  당근마켓에 건의합니다 프라이팬 사기 당한 적 있음  집에서 요리하지 않는다며 상품에 대해 잘 모르는 것 같이 연기하며 비싼 것 같다면서 싼가격에 내놓아서  전체 리뷰
372,첫거래가 좋았습니당  다만 어플에서 검색 후 보고싶지 않은 상품을 제외시키는  도 있었으면 좋겠어요  또같은 상품을 오인해서 여러번 보기되네요 
373,당근을 이용하면서 편리 한점도 많았지만 불편했던 기억도 있어 글 남겨봅니다  지금은 안그러지만 이번년도  월달쯤에 거래완료된 게시물로 통해 채팅을 들어와서 만나자고 하며 개인정보를 알아내려하던 사람을 보았습니다  요즘에는 거래완료되면 채팅을 못들어오지만 전에는 그런 불편함이 있었던 기억이 있네요  그리고 거래를 하는지 안하는지 불분명하게 채팅하는 사람들이 많습니다  다 물어봐서 상세히 다 대답해드리고 알려드리면 나중에 되서 거래 안된다는 채팅을 많이 겪었습니다   비매너 사용자 분들이 많아요 이부분을 고려해주셨으면 좋겠습니다 
374,당근 자주 자주 이용하고있습니다 실 상활에 너무 도움이됩니다 너무 고맙고 너무 감사 합니다 좋은물건들 올려주신분들고맙고 너무감사합니다 간혹 장난을 좋아하시는 분들이있지만은 그런분들만 아니면 당근은 대한민국에서 최고의 당근이돌것입니다 물건을 파시는분들도 물건을 사시는분들도 진지하시고 신중하셨으면 당근을 이용하시는 모든분들이 항복하실겁니다 당근 당근 또 당근 언제나 최고입니다   등을 하는것보다는 모두가 좋아하고 찻아가는 아름다운 당근이되길 모든분들이 힘을모아 모두모두 화이팅 합니다 코로나 모두가 이겨내서 멋지고 활기찬 다한민국을 다시 전체 리뷰
375,사전 양해 없이 약속을 이행하지 못한 당사자에게는 확인 즉시 일정 기간동안 당근 거래를 차단 한다든지 아니면 예약금 환불이 안된다는 등의 조치가 있었으면 좋겠습니다
376,넘 싸게 샀습니다 필요없는물건이 저에겐 넘 필요한 물건이었고 지금도잘쓰이고있습니다
377,아주 좋네요  좋은점 택배비  수수료 절감 직접 보며 거래 만족
378,다른 중고앱에 비해서 로그인 판매 글 구매하려는 물건 찾는게 훨씬 편리하고 처음 중고앱을 쓰시는분들에게 팁같은것도 알려주니 젤 좋은 앱이 아닐까 생각합니다 
379,키워드 알림 팝업으로 안 떠요  설정도 전부 다 해놨는데  저만 그런 가요
380,당근마켓이 왜 이렀게까지 해야하나요 그리고중고품들이 사고팔고 마음이들었다가 흔들어다가 그래요 단 이것은 사용기한이 제한이되어서 못하게 하는데 뭐가 있나요 새로 새롭게 이름도 바꾸어 가면서 정말이지 궁금하거든요 그럼 먼저 이롭게 하든가 아님 당근마켓을 고쳐주든가 해요
381,내가있는 지역에서만 거래가능하면서 구매가능한거 판매가능한거 모두 다 원하는거 좋은걸로 볼 수 있으며 직거래로인한 사기의폭이 좁아져서 왠지모르게 더 안전하고 좋은거래가 가능한거같아 마음에들어요  당근마켓같은걸로 거래하면 마음도놓이고 좋고 구매하고나서의 서로에대한 평가같은것과 리뷰도 괜찮은 시스템인거같아요  조금 안타까운 부분에서는 구매의향이 확실한사람들만 댓글을달아 볼 수 있게끔 해주었으면 좋겠어요 판매중인물품을 빨리판매하는게 판매자의 목적인데 구매한다고해놓고 연락안돼는부분은 많이화나요  이것만 조금 개선되면 완벽한 중고거래어플이지 전체 리뷰
382,원하는 물건을 둘러보러 들어갔을때 왜 가격이 세로로 표시되는걸까요  가격이 세로로 표시되는 바람에 화면을 거의 다 차지해서 상품 설명을 제대로 못보고 있어요  문제를 해결하려면 어찌해야할까요  앱을 비우고 다시 깔아봤지만 해결이 안되요 
383,요즘 당근재미에 푹 빠졋는데요 첨엔 이미 반달 이상 되 가는데 시작한지가 저희집을 거의 점령하다 시피한 그동안 사 모은 짐 정리를 위해서요 요즘 올리다보니 헐값에 한번 당근 하고 울리면 곧바로 체팅이 또 들어와요 정말 시기하게도 연락이 통 없다가도 그래서 갑자기 두사람 세사람 채팅을 밀당을 하다보면 누군가 살 사람이 정해지는데 제 사진 겔러리를 보면 한 열몇게 많케는 적개는 서너개의내 헨폰 까아논 화면이 보사되서 주르르 똑같은 화면과 그림이 깔려이는거예요 일일이 삭재하고 지우는데 허구헌날 이런일이 동시에 들어오는게 특징이고 구매한다 전체 리뷰
384,정말 어이없네요  당근마켓 전화번호 인증완료하고 돌아보는 중이였는데 갑자기  년 월 일까지 정지  말이 됩니까  욕은커녕 둘러보고있는데 정말 어이가 없네요  타 앱보다 편리해서 애용하려했는데 그냥 번개장처 쓸랍니다  
385,너무 좋아요  사고싶은것들 다 나와있고 매너평가도 할 수 있어서 살 물건을보고 파는 사람이 매너가 좋은지 나쁜지를 보고 살지말지 결정할 수 있어요 근데 하나 궁금한게 매물을 검색하면 주는 배지가 있는데 제가 그걸 얻을려고 검색을했는데 배지가 안들어 와요 어떡하죠 
386,동네 중고를 구입할수 있어서 가까운 직거래라 정말 좋아요 
387,저번 까지만해도 잘만 들어가지다가 서비스를 이용할 수 없다 네트워크 상태를 확인하라는 문구가 뜨네요 현재 몇번 삭제하고 다시 다운 받았는데도 이 문구가 뜨는 상황이며  어제 당근마켓 앱에 접속 하지 못해서 의문이 드네요 서비스 점검 때문에 이렇게 뜨는건가요  분명 저의 휴대폰에는 문제가 하나도 없습니다  서비스 점검 때문이 아니라면 확인 부탁드립니다 
388,당근마켓 강추합니다  건전한 거래와 꼭 필요한 마켓입니다 
389,동네나 근거리 필요한 물건 저렴히 구매해서 좋은데  이용나이가 천차만별이라 문제는 좀 있는거 갔네요  리뷰 작성하고도 계속 리뷰 작성 뜨는거는 수정했으면 하네요 
390,궁금한게 있는데요  혹시 초딩 학년도 당근마켓이 가능한가요  제가 직거래를  학년이 할수있는지 몰라서요 
391,완전히 썩은앱 입니다  년동안 거래하면서 한번도 약속을 어긴적도 없고 거래당사자 모두 거래만족 한다고 다시거래하고싶다고들 하는데 정작 당근마켓에서 매너점수를 계속 내립니다 반면에 약속도 잘 지키지않고 매너도 더럽게 안좋은데도 매너점수는  점이상 이더라고요 매너점수가 아무의미가 없다는것을 다시한번 느끼면서 한자적어봅니다
392,중고거래라는걸 망각하는 사람들이 너무 많다 심지어 고물상에서 물건팔고있다  
393,다 좋은데 지역 범위가 너무 좁아요 지역 인증을 한 사람 안 한 사람 뜨게 바꿔서 구매자가 인증 여부를 보고 골라 거래할 수 있게 시스템을 바꿔주세요 그럼 다 좋은 거 아닌가요 채팅도 못 걸어보고 좋은 상품을 포기하는게 화나요 밤늦게 거기 지역까지 가서 동네 인증하는 건 솔직히 무리잖아요 그 사이에 물건이 팔릴 수도 있고 아무쪼록 잘 생각해 주시길 바랍니다
394,잘이용은 하고있는데요 구매자 평가위주라 평가 막하고 비매너분들도 많고 그런대 판매자만 구매자평에 좌지우지되어 이용 제한당하고있어요 구매자 매너 평가로만 판매자만 속수무책으로 당하게됩니다 키워드알림오고 다른지역의 물건 살때마다 지역변경해서 쳇하는걸로 바뀐건 사고싶은 물거 지역변경하다 다놓쳐요 예전처럼 제가  지역 선정한곳은 그냥 지역변경없이 쳇해서 구매하는방식으로 해주세요 운영진 전화번호도 모르고   고객센터도 없어요 당근시장이 커졌는데 운영진이 미흡합니다
395,육아맘입니다  너무 잘 사용하고 좋은 제품 많이 구입하고 있습니다  쓰다 보니 다름 아니라 제안하나 드리고자 합니다  아이를 키우다 보니 특정 판매자한테 두 번 구입하는 경우도 생깁니다  아무래도 아기들 연령대에 따라 구입하는 제품들이 비슷하기 때문이겠죠  그래서 특정 판매자 물건 올린게 없나 자주 구경 하러 갑니다  그 과정에서 제가 구입한 물건 클릭 클릭하고 타고 들어 가야 하니 불편합니다  찜 한 판매자 기능 같은걸 만들어서 그 판매자 구경가기를 언제든 할 수 있게 했으면 좋겠습니다  배달앱에 찜한 가게 같은 기능인데 대상이  전체 리뷰
396,검색했던 키워드가 저장되던게 없어져서 불편해졌네요 다시 저장되도록 해주세요
397,중복게시글 오인신고만 몇천만번째  억울하게 신고당해도 피해자가 고객센터 일일이 글쓰러가서 말해야함 족히  번은 말했겠는데 당근운영진들 시스템개선 절대안함 당근같은앱있음 바로 갈아탈거임 빡치는 당근시스템 요즘세상에 일대일채팅이나 고객센터도없고 속터지게 답변기다려야하는 구제불능 시스템 운영진 하는것도 없을텐데 개선 왜안함 
398,당근 정말 많이 이용하고있는데요 다 좋습니다  한데 거래약속해놓구 다른사람한테 팔거나하는 등등의 비매너사용자들 신고하면 왜 제 온도가 내려갈까요  비매너인 사람은 온도가 그대로 유지되는데 
399,아주 유용한 어플이네요 만족하며 사용 하고 있습니다 
