제목,링크
<b>커피</b> 오어 티,https://movie.naver.com/movie/bi/mi/basic.nhn?code=202910
<b>커피</b>와 유자 사이,https://movie.naver.com/movie/bi/mi/basic.nhn?code=204155
<b>커피</b>,https://movie.naver.com/movie/bi/mi/basic.nhn?code=196663
<b>커피</b> 토킹 아웃 오브 커핀스,https://movie.naver.com/movie/bi/mi/basic.nhn?code=201041
더 스멜 오브 <b>커피</b>,https://movie.naver.com/movie/bi/mi/basic.nhn?code=199769
디퍼런스 앤 레피티션 앤 <b>커피</b>,https://movie.naver.com/movie/bi/mi/basic.nhn?code=205533
<b>커피</b> 샵 네임즈,https://movie.naver.com/movie/bi/mi/basic.nhn?code=191474
셰이드 그로운 <b>커피</b>,https://movie.naver.com/movie/bi/mi/basic.nhn?code=193417
더 <b>커피</b>,https://movie.naver.com/movie/bi/mi/basic.nhn?code=203226
<b>커피</b> 찌꺼기,https://movie.naver.com/movie/bi/mi/basic.nhn?code=195712
미드나잇 <b>커피</b>,https://movie.naver.com/movie/bi/mi/basic.nhn?code=200625
<b>커피</b>가 식기 전에,https://movie.naver.com/movie/bi/mi/basic.nhn?code=172193
인사3팀의 캡슐<b>커피</b>,https://movie.naver.com/movie/bi/mi/basic.nhn?code=174277
<b>커피</b> 브레이크,https://movie.naver.com/movie/bi/mi/basic.nhn?code=181521
<b>커피</b> 포 더 피플,https://movie.naver.com/movie/bi/mi/basic.nhn?code=184676
러버스 앤드 <b>커피</b>,https://movie.naver.com/movie/bi/mi/basic.nhn?code=185805
<b>커피</b> 느와르: 블랙 브라운,https://movie.naver.com/movie/bi/mi/basic.nhn?code=159818
음악, <b>커피</b> 그리고 LP,https://movie.naver.com/movie/bi/mi/basic.nhn?code=166626
아침에 일어나서 <b>커피</b>를 마신다,https://movie.naver.com/movie/bi/mi/basic.nhn?code=179374
<b>커피</b> 위드 시나몬,https://movie.naver.com/movie/bi/mi/basic.nhn?code=173370
벤&amp;조디,https://movie.naver.com/movie/bi/mi/basic.nhn?code=167883
<b>커피</b>에세이,https://movie.naver.com/movie/bi/mi/basic.nhn?code=173962
<b>커피</b>메이트,https://movie.naver.com/movie/bi/mi/basic.nhn?code=146450
<b>커피</b>: 인생의 맛,https://movie.naver.com/movie/bi/mi/basic.nhn?code=157220
<b>커피</b> 마스터의 속마음,https://movie.naver.com/movie/bi/mi/basic.nhn?code=155489
컵 오브 <b>커피</b>,https://movie.naver.com/movie/bi/mi/basic.nhn?code=162886
<b>커피</b> 버진,https://movie.naver.com/movie/bi/mi/basic.nhn?code=161451
바람<b>커피</b>로드,https://movie.naver.com/movie/bi/mi/basic.nhn?code=137919
<b>커피</b>의 맛,https://movie.naver.com/movie/bi/mi/basic.nhn?code=140616
차가운 <b>커피</b>,https://movie.naver.com/movie/bi/mi/basic.nhn?code=146831
모닝 <b>커피</b>,https://movie.naver.com/movie/bi/mi/basic.nhn?code=155128
고운초 <b>커피</b>집 코요미,https://movie.naver.com/movie/bi/mi/basic.nhn?code=138020
하코다테 <b>커피</b>,https://movie.naver.com/movie/bi/mi/basic.nhn?code=148712
카페인에이티드,https://movie.naver.com/movie/bi/mi/basic.nhn?code=136281
세상의 끝에서 <b>커피</b> 한 잔,https://movie.naver.com/movie/bi/mi/basic.nhn?code=130088
캔<b>커피</b> 인생,https://movie.naver.com/movie/bi/mi/basic.nhn?code=139471
<b>커피</b>,https://movie.naver.com/movie/bi/mi/basic.nhn?code=123742
<b>커피</b>집의 사람들,https://movie.naver.com/movie/bi/mi/basic.nhn?code=121755
어 필름 어바웃 <b>커피</b>,https://movie.naver.com/movie/bi/mi/basic.nhn?code=133486
<b>커피</b> 투 고,https://movie.naver.com/movie/bi/mi/basic.nhn?code=129544
<b>커피</b> 한 잔,https://movie.naver.com/movie/bi/mi/basic.nhn?code=120193
위 슈드 해브 <b>커피</b> 썸타임,https://movie.naver.com/movie/bi/mi/basic.nhn?code=125093
블랙 <b>커피</b>,https://movie.naver.com/movie/bi/mi/basic.nhn?code=120523
<b>커피</b> 숍,https://movie.naver.com/movie/bi/mi/basic.nhn?code=167413
<b>커피</b> 한잔이 섹스에 미치는 영향,https://movie.naver.com/movie/bi/mi/basic.nhn?code=101897
<b>커피</b> 농장의 카우보이,https://movie.naver.com/movie/bi/mi/basic.nhn?code=139132
<b>커피</b> 타임,https://movie.naver.com/movie/bi/mi/basic.nhn?code=119767
러브 인 어 <b>커피</b> 숍,https://movie.naver.com/movie/bi/mi/basic.nhn?code=139992
<b>커피</b> 인 베를린,https://movie.naver.com/movie/bi/mi/basic.nhn?code=96204
코피, <b>커피</b>?,https://movie.naver.com/movie/bi/mi/basic.nhn?code=95630
트랜서틀랜틱 <b>커피</b>,https://movie.naver.com/movie/bi/mi/basic.nhn?code=132670
<b>커피</b> 타운,https://movie.naver.com/movie/bi/mi/basic.nhn?code=111989
<b>커피</b>, 갓 앤 가솔린,https://movie.naver.com/movie/bi/mi/basic.nhn?code=125559
비터 <b>커피</b> 라이프,https://movie.naver.com/movie/bi/mi/basic.nhn?code=95568
<b>커피</b>는 쓰다,https://movie.naver.com/movie/bi/mi/basic.nhn?code=149703
오늘의 <b>커피</b>,https://movie.naver.com/movie/bi/mi/basic.nhn?code=86828
싸구려<b>커피</b>,https://movie.naver.com/movie/bi/mi/basic.nhn?code=87596
핫 <b>커피</b>,https://movie.naver.com/movie/bi/mi/basic.nhn?code=81216
<b>커피</b>,https://movie.naver.com/movie/bi/mi/basic.nhn?code=96656
<b>커피</b>와 연필,https://movie.naver.com/movie/bi/mi/basic.nhn?code=93725
<b>커피</b> 앤 파이,https://movie.naver.com/movie/bi/mi/basic.nhn?code=110206
<b>커피</b> 하우스,https://movie.naver.com/movie/bi/mi/basic.nhn?code=75619
<b>커피</b>믹스,https://movie.naver.com/movie/bi/mi/basic.nhn?code=80494
드라마 스페셜 - 끝내주는 <b>커피</b>,https://movie.naver.com/movie/bi/mi/basic.nhn?code=111999
<b>커피</b> 그리고 우유,https://movie.naver.com/movie/bi/mi/basic.nhn?code=80476
이츠 낫 어바웃 <b>커피</b>,https://movie.naver.com/movie/bi/mi/basic.nhn?code=124617
히말라야 <b>커피</b>로드,https://movie.naver.com/movie/bi/mi/basic.nhn?code=85574
딜리셔스 피어스 그로우스 인 어 우간단 <b>커피</b> 빈,https://movie.naver.com/movie/bi/mi/basic.nhn?code=84947
<b>커피</b> 베터 위드아웃 디너,https://movie.naver.com/movie/bi/mi/basic.nhn?code=152380
모닝 <b>커피</b>에 대한 짧은 생각,https://movie.naver.com/movie/bi/mi/basic.nhn?code=53260
블랙 <b>커피</b>,https://movie.naver.com/movie/bi/mi/basic.nhn?code=54033
파이 앤 <b>커피</b>,https://movie.naver.com/movie/bi/mi/basic.nhn?code=106928
싸구려 <b>커피</b>,https://movie.naver.com/movie/bi/mi/basic.nhn?code=71120
인디애니박스: 셀마의 단백질 <b>커피</b>,https://movie.naver.com/movie/bi/mi/basic.nhn?code=49534
노 모어 <b>커피</b> 브레이크,https://movie.naver.com/movie/bi/mi/basic.nhn?code=74526
뜨거운 <b>커피</b>,https://movie.naver.com/movie/bi/mi/basic.nhn?code=51641
가난뱅이들의 <b>커피</b>,https://movie.naver.com/movie/bi/mi/basic.nhn?code=77062
<b>커피</b> 샵 킹스,https://movie.naver.com/movie/bi/mi/basic.nhn?code=108567
더 <b>커피</b> 브레이크,https://movie.naver.com/movie/bi/mi/basic.nhn?code=193308
<b>커피</b> 또는 차,https://movie.naver.com/movie/bi/mi/basic.nhn?code=49235
아이스 <b>커피</b>,https://movie.naver.com/movie/bi/mi/basic.nhn?code=51416
<b>커피</b> 프린스 1호점,https://movie.naver.com/movie/bi/mi/basic.nhn?code=67034
<b>커피</b>와 알라,https://movie.naver.com/movie/bi/mi/basic.nhn?code=106500
<b>커피</b> 데이트,https://movie.naver.com/movie/bi/mi/basic.nhn?code=69297
두 개의 여행과 <b>커피</b>,https://movie.naver.com/movie/bi/mi/basic.nhn?code=44301
담배와 <b>커피</b>,https://movie.naver.com/movie/bi/mi/basic.nhn?code=40746
<b>커피</b>와 담배,https://movie.naver.com/movie/bi/mi/basic.nhn?code=38453
<b>커피</b> 한잔에 든 핏방울,https://movie.naver.com/movie/bi/mi/basic.nhn?code=97451
<b>커피</b>, 섹스, 코피,https://movie.naver.com/movie/bi/mi/basic.nhn?code=33499
차이니스 <b>커피</b>,https://movie.naver.com/movie/bi/mi/basic.nhn?code=31841
식스티 컵스 오브 <b>커피</b>,https://movie.naver.com/movie/bi/mi/basic.nhn?code=125587
<b>커피</b>와 도너츠,https://movie.naver.com/movie/bi/mi/basic.nhn?code=67694
치즈 케익 블랙 <b>커피</b>,https://movie.naver.com/movie/bi/mi/basic.nhn?code=26364
<b>커피</b> 카피 코피,https://movie.naver.com/movie/bi/mi/basic.nhn?code=17289
사랑의 <b>커피</b>,https://movie.naver.com/movie/bi/mi/basic.nhn?code=27077
담배와 <b>커피</b>,https://movie.naver.com/movie/bi/mi/basic.nhn?code=38299
<b>커피</b>와 담배 3,https://movie.naver.com/movie/bi/mi/basic.nhn?code=30372
<b>커피</b> 석 잔,https://movie.naver.com/movie/bi/mi/basic.nhn?code=48845
<b>커피</b>색 아이들,https://movie.naver.com/movie/bi/mi/basic.nhn?code=33368
<b>커피</b>와 담배,https://movie.naver.com/movie/bi/mi/basic.nhn?code=30370
<b>커피</b>와 담배 2,https://movie.naver.com/movie/bi/mi/basic.nhn?code=30371
<b>커피</b> 브레이크,https://movie.naver.com/movie/bi/mi/basic.nhn?code=79515
블랙 <b>커피</b>,https://movie.naver.com/movie/bi/mi/basic.nhn?code=72727
<b>커피</b> 아라비카,https://movie.naver.com/movie/bi/mi/basic.nhn?code=88698
블랙 <b>커피</b>,https://movie.naver.com/movie/bi/mi/basic.nhn?code=72724
슈퍼<b>커피</b>메이커,https://movie.naver.com/movie/bi/mi/basic.nhn?code=153180
<b>커피</b>,https://movie.naver.com/movie/bi/mi/basic.nhn?code=90705
<b>커피</b>와 담배 2,https://movie.naver.com/movie/bi/mi/basic.nhn?code=30371
<b>커피</b> 브레이크,https://movie.naver.com/movie/bi/mi/basic.nhn?code=79515
블랙 <b>커피</b>,https://movie.naver.com/movie/bi/mi/basic.nhn?code=72727
<b>커피</b> 아라비카,https://movie.naver.com/movie/bi/mi/basic.nhn?code=88698
블랙 <b>커피</b>,https://movie.naver.com/movie/bi/mi/basic.nhn?code=72724
슈퍼<b>커피</b>메이커,https://movie.naver.com/movie/bi/mi/basic.nhn?code=153180
<b>커피</b>,https://movie.naver.com/movie/bi/mi/basic.nhn?code=90705
<b>커피</b>와 담배 2,https://movie.naver.com/movie/bi/mi/basic.nhn?code=30371
<b>커피</b> 브레이크,https://movie.naver.com/movie/bi/mi/basic.nhn?code=79515
블랙 <b>커피</b>,https://movie.naver.com/movie/bi/mi/basic.nhn?code=72727
<b>커피</b> 아라비카,https://movie.naver.com/movie/bi/mi/basic.nhn?code=88698
블랙 <b>커피</b>,https://movie.naver.com/movie/bi/mi/basic.nhn?code=72724
슈퍼<b>커피</b>메이커,https://movie.naver.com/movie/bi/mi/basic.nhn?code=153180
<b>커피</b>,https://movie.naver.com/movie/bi/mi/basic.nhn?code=90705
<b>커피</b>와 담배 2,https://movie.naver.com/movie/bi/mi/basic.nhn?code=30371
<b>커피</b> 브레이크,https://movie.naver.com/movie/bi/mi/basic.nhn?code=79515
블랙 <b>커피</b>,https://movie.naver.com/movie/bi/mi/basic.nhn?code=72727
<b>커피</b> 아라비카,https://movie.naver.com/movie/bi/mi/basic.nhn?code=88698
블랙 <b>커피</b>,https://movie.naver.com/movie/bi/mi/basic.nhn?code=72724
슈퍼<b>커피</b>메이커,https://movie.naver.com/movie/bi/mi/basic.nhn?code=153180
<b>커피</b>,https://movie.naver.com/movie/bi/mi/basic.nhn?code=90705
<b>커피</b>와 담배 2,https://movie.naver.com/movie/bi/mi/basic.nhn?code=30371
<b>커피</b> 브레이크,https://movie.naver.com/movie/bi/mi/basic.nhn?code=79515
블랙 <b>커피</b>,https://movie.naver.com/movie/bi/mi/basic.nhn?code=72727
<b>커피</b> 아라비카,https://movie.naver.com/movie/bi/mi/basic.nhn?code=88698
블랙 <b>커피</b>,https://movie.naver.com/movie/bi/mi/basic.nhn?code=72724
슈퍼<b>커피</b>메이커,https://movie.naver.com/movie/bi/mi/basic.nhn?code=153180
<b>커피</b>,https://movie.naver.com/movie/bi/mi/basic.nhn?code=90705
<b>커피</b>와 담배 2,https://movie.naver.com/movie/bi/mi/basic.nhn?code=30371
<b>커피</b> 브레이크,https://movie.naver.com/movie/bi/mi/basic.nhn?code=79515
블랙 <b>커피</b>,https://movie.naver.com/movie/bi/mi/basic.nhn?code=72727
<b>커피</b> 아라비카,https://movie.naver.com/movie/bi/mi/basic.nhn?code=88698
블랙 <b>커피</b>,https://movie.naver.com/movie/bi/mi/basic.nhn?code=72724
슈퍼<b>커피</b>메이커,https://movie.naver.com/movie/bi/mi/basic.nhn?code=153180
<b>커피</b>,https://movie.naver.com/movie/bi/mi/basic.nhn?code=90705
<b>커피</b>와 담배 2,https://movie.naver.com/movie/bi/mi/basic.nhn?code=30371
<b>커피</b> 브레이크,https://movie.naver.com/movie/bi/mi/basic.nhn?code=79515
블랙 <b>커피</b>,https://movie.naver.com/movie/bi/mi/basic.nhn?code=72727
<b>커피</b> 아라비카,https://movie.naver.com/movie/bi/mi/basic.nhn?code=88698
블랙 <b>커피</b>,https://movie.naver.com/movie/bi/mi/basic.nhn?code=72724
슈퍼<b>커피</b>메이커,https://movie.naver.com/movie/bi/mi/basic.nhn?code=153180
<b>커피</b>,https://movie.naver.com/movie/bi/mi/basic.nhn?code=90705
<b>커피</b>와 담배 2,https://movie.naver.com/movie/bi/mi/basic.nhn?code=30371
<b>커피</b> 브레이크,https://movie.naver.com/movie/bi/mi/basic.nhn?code=79515
블랙 <b>커피</b>,https://movie.naver.com/movie/bi/mi/basic.nhn?code=72727
<b>커피</b> 아라비카,https://movie.naver.com/movie/bi/mi/basic.nhn?code=88698
블랙 <b>커피</b>,https://movie.naver.com/movie/bi/mi/basic.nhn?code=72724
슈퍼<b>커피</b>메이커,https://movie.naver.com/movie/bi/mi/basic.nhn?code=153180
<b>커피</b>,https://movie.naver.com/movie/bi/mi/basic.nhn?code=90705
<b>커피</b>와 담배 2,https://movie.naver.com/movie/bi/mi/basic.nhn?code=30371
<b>커피</b> 브레이크,https://movie.naver.com/movie/bi/mi/basic.nhn?code=79515
블랙 <b>커피</b>,https://movie.naver.com/movie/bi/mi/basic.nhn?code=72727
<b>커피</b> 아라비카,https://movie.naver.com/movie/bi/mi/basic.nhn?code=88698
블랙 <b>커피</b>,https://movie.naver.com/movie/bi/mi/basic.nhn?code=72724
슈퍼<b>커피</b>메이커,https://movie.naver.com/movie/bi/mi/basic.nhn?code=153180
<b>커피</b>,https://movie.naver.com/movie/bi/mi/basic.nhn?code=90705
